user_id,age,gender,occupation,zip_code,movie_id,title,user_id,movie_id_[0],rating,timestamp
308,520,4,887738508,16509,1,"Toy Story (1995)",308,1,4,887736532
280,629,4,891701852,16125,1,"Toy Story (1995)",280,1,4,891700426
5,31,M,marketing,75240,1,"Toy Story (1995)",5,1,4,875635748
109,162,2,880578358,12065,1,"Toy Story (1995)",109,1,4,880563619
181,1375,M,student,49931,1,"Toy Story (1995)",181,1,3,878962392
95,1018,M,programmer,30220,1,"Toy Story (1995)",95,1,5,879197329
268,23,M,student,55105,1,"Toy Story (1995)",268,1,3,875742341
189,29,F,librarian,22903,1,"Toy Story (1995)",189,1,5,893264174
145,477,M,entertainment,94533,1,"Toy Story (1995)",145,1,3,882181396
158,435,M,engineer,97006,1,"Toy Story (1995)",158,1,4,880132443
232,31,F,educator,68767,1,"Toy Story (1995)",232,1,4,880062302
150,410,M,student,60626,1,"Toy Story (1995)",150,1,4,878746441
117,27,M,student,53706,1,"Toy Story (1995)",117,1,4,880126083
49,30,M,engineer,95129,1,"Toy Story (1995)",49,1,2,888068651
223,432,2,885852443,47906,1,"Toy Story (1995)",223,1,4,891549324
56,1092,3,892911573,95938,1,"Toy Story (1995)",56,1,4,892683248
177,470,M,retired,61455,1,"Toy Story (1995)",177,1,3,880130699
194,23,F,educator,20784,1,"Toy Story (1995)",194,1,4,879539127
250,69,5,878092059,30040,1,"Toy Story (1995)",250,1,4,883263374
213,841,4,878871010,00000,1,"Toy Story (1995)",213,1,2,878870719
350,32,F,librarian,55409,1,"Toy Story (1995)",350,1,4,882345734
348,1028,M,writer,32067,1,"Toy Story (1995)",348,1,4,886523078
106,196,5,881450578,95628,1,"Toy Story (1995)",106,1,4,881449487
234,403,1,892335674,93550,1,"Toy Story (1995)",234,1,3,891227689
43,40,F,librarian,02143,1,"Toy Story (1995)",43,1,5,875975579
20,568,4,879669291,55104,1,"Toy Story (1995)",20,1,3,879667963
246,55,4,student,71701,1,"Toy Story (1995)",246,1,4,884920918
94,55,4,student,78264,1,"Toy Story (1995)",94,1,4,885870323
279,1312,F,other,06260,1,"Toy Story (1995)",279,1,3,875295812
38,550,2,student,02176,1,"Toy Story (1995)",38,1,5,892430636
128,284,M,educator,91903,1,"Toy Story (1995)",128,1,4,879966919
203,26,M,executive,84601,1,"Toy Story (1995)",203,1,3,880434384
157,27,F,other,48103,1,"Toy Story (1995)",157,1,5,874813703
311,642,4,884365823,11217,1,"Toy Story (1995)",311,1,4,884963202
125,384,3,892838591,29379,1,"Toy Story (1995)",125,1,4,879454699
286,824,1,876522200,02136,1,"Toy Story (1995)",286,1,4,876521699
83,471,3,891182000,61755,1,"Toy Story (1995)",83,1,4,880306903
301,2,F,educator,85710,1,"Toy Story (1995)",301,1,4,882074345
345,325,1,engineer,03052,1,"Toy Story (1995)",345,1,3,884990938
18,18,M,student,97520,1,"Toy Story (1995)",18,1,5,880130802
64,175,5,889739415,63129,1,"Toy Story (1995)",64,1,4,879366214
45,1060,M,administrator,M7A1A,1,"Toy Story (1995)",45,1,5,881013176
204,304,3,892389328,62522,1,"Toy Story (1995)",204,1,2,892513979
271,430,5,librarian,97403,1,"Toy Story (1995)",271,1,3,886106038
41,209,M,programmer,91919,1,"Toy Story (1995)",41,1,4,890692860
274,56,M,other,22306,1,"Toy Story (1995)",274,1,4,878945466
222,81,1,878183565,30329,1,"Toy Story (1995)",222,1,4,877563227
15,933,1,technician,43537,1,"Toy Story (1995)",15,1,1,879455635
5,31,M,marketing,75240,2,"GoldenEye (1995)",5,2,3,875636053
268,23,M,student,55105,2,"GoldenEye (1995)",268,2,2,875744173
276,576,3,874792547,21218,2,"GoldenEye (1995)",276,2,4,874792436
217,391,4,889070287,62901,2,"GoldenEye (1995)",217,2,3,889069782
87,50,M,educator,84408,2,"GoldenEye (1995)",87,2,4,879876074
250,69,5,878092059,30040,2,"GoldenEye (1995)",250,2,4,878090414
201,43,F,administrator,16803,2,"GoldenEye (1995)",201,2,2,884112487
64,175,5,889739415,63129,2,"GoldenEye (1995)",64,2,3,889737609
13,783,3,886304188,V3N4P,2,"GoldenEye (1995)",13,2,3,882397650
95,1018,M,programmer,30220,2,"GoldenEye (1995)",95,2,2,888955909
213,841,4,878871010,00000,2,"GoldenEye (1995)",213,2,4,878955914
373,651,4,student,53703,2,"GoldenEye (1995)",373,2,4,877100416
293,280,2,888905198,80525,2,"GoldenEye (1995)",293,2,3,888907101
193,210,M,executive,23112,2,"GoldenEye (1995)",193,2,3,890860198
363,37,2,891498510,32250,2,"GoldenEye (1995)",363,2,4,891495809
256,368,F,other,54467,2,"GoldenEye (1995)",256,2,5,882164480
200,31,F,educator,43512,2,"GoldenEye (1995)",200,2,4,884130046
207,875,M,administrator,97212,2,"GoldenEye (1995)",207,2,3,877822770
393,303,4,artist,94533,2,"GoldenEye (1995)",393,2,4,887746206
222,81,1,878183565,30329,2,"GoldenEye (1995)",222,2,3,878183837
399,763,M,engineer,17110,2,"GoldenEye (1995)",399,2,3,882512708
181,1375,M,student,49931,3,"Four Rooms (1995)",181,3,2,878963441
81,26,M,programmer,55414,3,"Four Rooms (1995)",81,3,4,876592546
160,7,F,administrator,58202,3,"Four Rooms (1995)",160,3,3,876770124
130,30,M,programmer,06355,3,"Four Rooms (1995)",130,3,5,876250897
49,30,M,engineer,95129,3,"Four Rooms (1995)",49,3,3,888068877
320,27,M,programmer,52246,3,"Four Rooms (1995)",320,3,4,884748978
157,27,F,other,48103,3,"Four Rooms (1995)",157,3,3,886890734
145,477,M,entertainment,94533,3,"Four Rooms (1995)",145,3,3,875271562
95,1018,M,programmer,30220,3,"Four Rooms (1995)",95,3,1,879193881
99,748,4,885678436,55413,3,"Four Rooms (1995)",99,3,3,885679237
267,20,M,student,87501,3,"Four Rooms (1995)",267,3,4,878970901
417,725,4,executive,90291,3,"Four Rooms (1995)",417,3,4,879646344
99,748,4,885678436,55413,4,"Get Shorty (1995)",99,4,5,886519097
19,258,4,885411840,96754,4,"Get Shorty (1995)",19,4,4,885412840
194,23,F,educator,20784,4,"Get Shorty (1995)",194,4,4,879521397
207,875,M,administrator,97212,4,"Get Shorty (1995)",207,4,4,876198457
62,19,M,student,44106,4,"Get Shorty (1995)",62,4,4,879374640
295,1039,4,879517742,55414,4,"Get Shorty (1995)",295,4,4,879518568
201,43,F,administrator,16803,4,"Get Shorty (1995)",201,4,4,884111830
10,483,5,877889333,97301,4,"Get Shorty (1995)",10,4,4,877889130
308,520,4,887738508,16509,4,"Get Shorty (1995)",308,4,5,887737890
328,690,3,healthcare,80123,4,"Get Shorty (1995)",328,4,3,885047895
109,162,2,880578358,12065,4,"Get Shorty (1995)",109,4,2,880572756
334,870,M,writer,55369,4,"Get Shorty (1995)",334,4,3,891548345
346,455,3,874948889,84010,4,"Get Shorty (1995)",346,4,4,874948105
222,81,1,878183565,30329,4,"Get Shorty (1995)",222,4,3,878183924
160,7,F,administrator,58202,4,"Get Shorty (1995)",160,4,4,876861754
291,384,4,875086562,63645,4,"Get Shorty (1995)",291,4,4,874835062
279,1312,F,other,06260,4,"Get Shorty (1995)",279,4,4,875296461
130,30,M,programmer,06355,4,"Get Shorty (1995)",130,4,2,875801778
264,175,5,educator,01720,4,"Get Shorty (1995)",264,4,4,886123656
385,19,M,student,22904,4,"Get Shorty (1995)",385,4,2,879445260
352,568,5,student,14085,4,"Get Shorty (1995)",352,4,3,884290328
378,1232,F,librarian,20854,4,"Get Shorty (1995)",378,4,3,880045612
276,576,3,874792547,21218,4,"Get Shorty (1995)",276,4,4,874791623
216,150,5,880232812,42459,4,"Get Shorty (1995)",216,4,5,880234469
342,1073,1,healthcare,06472,4,"Get Shorty (1995)",342,4,4,874984395
256,368,F,other,54467,4,"Get Shorty (1995)",256,4,5,882164525
280,629,4,891701852,16125,4,"Get Shorty (1995)",280,4,3,891700733
320,27,M,programmer,52246,4,"Get Shorty (1995)",320,4,3,884749306
221,24,5,875244352,55108,4,"Get Shorty (1995)",221,4,3,875245462
293,280,2,888905198,80525,5,"Copycat (1995)",293,5,3,888906576
43,40,F,librarian,02143,5,"Copycat (1995)",43,5,4,875981421
311,642,4,884365823,11217,5,"Copycat (1995)",311,5,3,884365853
109,162,2,880578358,12065,5,"Copycat (1995)",109,5,3,880580637
344,1165,1,886381986,30068,5,"Copycat (1995)",344,5,3,884901533
145,477,M,entertainment,94533,5,"Copycat (1995)",145,5,3,875272196
314,1032,4,877891603,83814,5,"Copycat (1995)",314,5,4,877889724
308,520,4,887738508,16509,5,"Copycat (1995)",308,5,4,887739608
280,629,4,891701852,16125,5,"Copycat (1995)",280,5,4,891701066
44,229,3,student,83702,5,"Copycat (1995)",44,5,4,878347598
269,194,5,891448951,21218,5,"Copycat (1995)",269,5,2,891450780
218,4,3,877488546,11727,5,"Copycat (1995)",218,5,3,881288574
332,43,F,writer,53711,5,"Copycat (1995)",332,5,5,888360370
363,37,2,891498510,32250,5,"Copycat (1995)",363,5,1,891497047
276,576,3,874792547,21218,5,"Copycat (1995)",276,5,3,874792692
102,502,3,888803738,38401,5,"Copycat (1995)",102,5,3,888803002
63,306,3,875746948,98101,6,"Shanghai Triad (Yao a yao yao dao waipo qiao) (1995)",63,6,3,875747439
1,190,F,other,37212,6,"Shanghai Triad (Yao a yao yao dao waipo qiao) (1995)",1,6,5,887431973
90,483,5,891384570,95161,6,"Shanghai Triad (Yao a yao yao dao waipo qiao) (1995)",90,6,4,891384357
79,53,F,other,94043,6,"Shanghai Triad (Yao a yao yao dao waipo qiao) (1995)",79,6,4,891271901
409,479,5,scientist,21911,6,"Shanghai Triad (Yao a yao yao dao waipo qiao) (1995)",409,6,4,881109306
250,69,5,878092059,30040,7,"Twelve Monkeys (1995)",250,7,4,878089716
10,483,5,877889333,97301,7,"Twelve Monkeys (1995)",10,7,4,877892210
291,384,4,875086562,63645,7,"Twelve Monkeys (1995)",291,7,5,874834481
198,228,M,educator,29206,7,"Twelve Monkeys (1995)",198,7,4,884205317
217,391,4,889070287,62901,7,"Twelve Monkeys (1995)",217,7,4,889069741
49,30,M,engineer,95129,7,"Twelve Monkeys (1995)",49,7,4,888067307
244,30,M,administrator,17870,7,"Twelve Monkeys (1995)",244,7,4,880602558
286,824,1,876522200,02136,7,"Twelve Monkeys (1995)",286,7,4,875807003
26,240,M,administrator,05201,7,"Twelve Monkeys (1995)",26,7,3,891350826
331,11,2,877196702,10021,7,"Twelve Monkeys (1995)",331,7,4,877196633
181,1375,M,student,49931,7,"Twelve Monkeys (1995)",181,7,4,878963037
151,484,4,student,01002,7,"Twelve Monkeys (1995)",151,7,4,879524610
43,40,F,librarian,02143,7,"Twelve Monkeys (1995)",43,7,4,875975520
97,192,1,lawyer,20015,7,"Twelve Monkeys (1995)",97,7,5,884238939
73,34,M,student,60615,7,"Twelve Monkeys (1995)",73,7,4,888625956
323,17,F,student,61073,7,"Twelve Monkeys (1995)",323,7,2,878739355
200,31,F,educator,43512,7,"Twelve Monkeys (1995)",200,7,4,876042451
59,203,M,engineer,01810,7,"Twelve Monkeys (1995)",59,7,4,888202941
214,45,M,administrator,12550,7,"Twelve Monkeys (1995)",214,7,5,892668130
294,902,4,891404417,55107,7,"Twelve Monkeys (1995)",294,7,4,877819563
81,26,M,programmer,55414,7,"Twelve Monkeys (1995)",81,7,4,876533545
230,27,M,programmer,75013,7,"Twelve Monkeys (1995)",230,7,3,880484476
267,20,M,student,87501,7,"Twelve Monkeys (1995)",267,7,5,878970503
226,40,F,librarian,30030,7,"Twelve Monkeys (1995)",226,7,4,883889479
57,932,3,883697585,55013,7,"Twelve Monkeys (1995)",57,7,4,883697105
280,629,4,891701852,16125,7,"Twelve Monkeys (1995)",280,7,4,891700385
99,748,4,885678436,55413,7,"Twelve Monkeys (1995)",99,7,4,885678784
332,43,F,writer,53711,7,"Twelve Monkeys (1995)",332,7,4,887916547
297,30,F,administrator,17345,7,"Twelve Monkeys (1995)",297,7,4,874954541
64,175,5,889739415,63129,7,"Twelve Monkeys (1995)",64,7,4,889737542
222,81,1,878183565,30329,7,"Twelve Monkeys (1995)",222,7,5,877563168
357,713,5,marketing,17325,7,"Twelve Monkeys (1995)",357,7,3,878951537
301,2,F,educator,85710,7,"Twelve Monkeys (1995)",301,7,4,882074236
268,23,M,student,55105,7,"Twelve Monkeys (1995)",268,7,4,876513953
87,50,M,educator,84408,7,"Twelve Monkeys (1995)",87,7,4,879875735
216,150,5,880232812,42459,7,"Twelve Monkeys (1995)",216,7,5,880232719
352,568,5,student,14085,7,"Twelve Monkeys (1995)",352,7,3,884290549
145,477,M,entertainment,94533,7,"Twelve Monkeys (1995)",145,7,5,875270429
269,194,5,891448951,21218,7,"Twelve Monkeys (1995)",269,7,3,891449055
295,1039,4,879517742,55414,7,"Twelve Monkeys (1995)",295,7,5,879518018
7,555,4,892134811,90703,7,"Twelve Monkeys (1995)",7,7,5,891352220
397,28,F,student,78741,7,"Twelve Monkeys (1995)",397,7,5,885349913
79,53,F,other,94043,7,"Twelve Monkeys (1995)",79,7,5,891272016
365,742,3,891304039,29210,7,"Twelve Monkeys (1995)",365,7,2,891304213
334,870,M,writer,55369,7,"Twelve Monkeys (1995)",334,7,5,891544788
227,25,M,none,60115,7,"Twelve Monkeys (1995)",227,7,5,879035251
203,26,M,executive,84601,7,"Twelve Monkeys (1995)",203,7,3,880434438
15,933,1,technician,43537,7,"Twelve Monkeys (1995)",15,7,1,879455506
256,368,F,other,54467,7,"Twelve Monkeys (1995)",256,7,4,882151017
374,257,3,educator,48118,7,"Twelve Monkeys (1995)",374,7,1,880393268
235,24,M,marketing,92629,7,"Twelve Monkeys (1995)",235,7,4,889655723
347,28,F,other,06405,7,"Twelve Monkeys (1995)",347,7,4,881652590
194,23,F,educator,20784,7,"Twelve Monkeys (1995)",194,7,3,879538898
402,235,M,programmer,08610,7,"Twelve Monkeys (1995)",402,7,4,876267068
95,1018,M,programmer,30220,7,"Twelve Monkeys (1995)",95,7,5,879197329
234,403,1,892335674,93550,7,"Twelve Monkeys (1995)",234,7,2,891227813
314,1032,4,877891603,83814,7,"Twelve Monkeys (1995)",314,7,4,877886375
320,27,M,programmer,52246,7,"Twelve Monkeys (1995)",320,7,4,884748708
305,29,M,engineer,03261,7,"Twelve Monkeys (1995)",305,7,4,886323937
109,162,2,880578358,12065,7,"Twelve Monkeys (1995)",109,7,4,880563080
109,162,2,880578358,12065,8,"Babe (1995)",109,8,3,880572642
16,482,5,877718872,80123,8,"Babe (1995)",16,8,5,877722736
115,9,5,other,98027,8,"Babe (1995)",115,8,5,881171982
223,432,2,885852443,47906,8,"Babe (1995)",223,8,2,891550684
246,55,4,student,71701,8,"Babe (1995)",246,8,3,884921245
271,430,5,librarian,97403,8,"Babe (1995)",271,8,4,885848770
315,194,4,librarian,01970,8,"Babe (1995)",315,8,3,879820961
232,31,F,educator,68767,8,"Babe (1995)",232,8,2,888549757
213,841,4,878871010,00000,8,"Babe (1995)",213,8,3,878955564
158,435,M,engineer,97006,8,"Babe (1995)",158,8,5,880134948
62,19,M,student,44106,8,"Babe (1995)",62,8,5,879373820
201,43,F,administrator,16803,8,"Babe (1995)",201,8,3,884141438
58,216,3,librarian,02138,8,"Babe (1995)",58,8,4,884304955
334,870,M,writer,55369,8,"Babe (1995)",334,8,4,891547171
234,403,1,892335674,93550,8,"Babe (1995)",234,8,5,892079585
64,175,5,889739415,63129,8,"Babe (1995)",64,8,4,889737968
106,196,5,881450578,95628,8,"Babe (1995)",106,8,4,881452405
330,1044,M,executive,55369,8,"Babe (1995)",330,8,5,876546236
293,280,2,888905198,80525,8,"Babe (1995)",293,8,3,888905736
7,555,4,892134811,90703,8,"Babe (1995)",7,8,5,891351328
378,1232,F,librarian,20854,8,"Babe (1995)",378,8,4,880045722
321,607,4,879440109,55439,8,"Babe (1995)",321,8,4,879440451
215,357,4,891435573,33319,8,"Babe (1995)",215,8,2,891436177
301,2,F,educator,85710,8,"Babe (1995)",301,8,4,882076494
85,451,4,882995934,92688,8,"Babe (1995)",85,8,4,879454952
230,27,M,programmer,75013,8,"Babe (1995)",230,8,5,880484501
178,696,4,882824869,20685,8,"Babe (1995)",178,8,4,882826556
222,81,1,878183565,30329,8,"Babe (1995)",222,8,1,878182307
379,451,4,880525968,55436,8,"Babe (1995)",379,8,5,880525194
25,114,M,executive,66315,8,"Babe (1995)",25,8,4,885852150
312,156,3,administrator,52241,8,"Babe (1995)",312,8,5,891699263
239,954,M,programmer,75006,8,"Babe (1995)",239,8,5,889179290
207,875,M,administrator,97212,8,"Babe (1995)",207,8,3,878103820
399,763,M,engineer,17110,8,"Babe (1995)",399,8,3,882510165
343,499,5,scientist,55106,8,"Babe (1995)",343,8,5,876404836
200,31,F,educator,43512,8,"Babe (1995)",200,8,4,884128904
87,50,M,educator,84408,8,"Babe (1995)",87,8,5,879876447
409,479,5,scientist,21911,8,"Babe (1995)",409,8,3,881108777
196,428,M,writer,94583,8,"Babe (1995)",196,8,5,881251753
58,216,3,librarian,02138,9,"Dead Man Walking (1995)",58,9,4,884304328
292,408,M,administrator,85202,9,"Dead Man Walking (1995)",292,9,4,881104148
239,954,M,programmer,75006,9,"Dead Man Walking (1995)",239,9,5,889180446
311,642,4,884365823,11217,9,"Dead Man Walking (1995)",311,9,4,884963365
87,50,M,educator,84408,9,"Dead Man Walking (1995)",87,9,4,879877931
269,194,5,891448951,21218,9,"Dead Man Walking (1995)",269,9,4,891446246
94,55,4,student,78264,9,"Dead Man Walking (1995)",94,9,5,885872684
328,690,3,healthcare,80123,9,"Dead Man Walking (1995)",328,9,4,885045993
314,1032,4,877891603,83814,9,"Dead Man Walking (1995)",314,9,4,877886375
74,121,4,writer,52245,9,"Dead Man Walking (1995)",74,9,4,888333458
323,17,F,student,61073,9,"Dead Man Walking (1995)",323,9,4,878739325
252,25,M,student,95823,9,"Dead Man Walking (1995)",252,9,5,891456797
26,240,M,administrator,05201,9,"Dead Man Walking (1995)",26,9,4,891386369
301,2,F,educator,85710,9,"Dead Man Walking (1995)",301,9,3,882074291
90,483,5,891384570,95161,9,"Dead Man Walking (1995)",90,9,4,891385787
277,57,M,engineer,70808,9,"Dead Man Walking (1995)",277,9,4,879543336
227,25,M,none,60115,9,"Dead Man Walking (1995)",227,9,3,879035431
303,541,3,879543988,55106,9,"Dead Man Walking (1995)",303,9,5,879466830
121,508,4,891388333,55105,9,"Dead Man Walking (1995)",121,9,5,891390013
109,162,2,880578358,12065,9,"Dead Man Walking (1995)",109,9,3,880564607
44,229,3,student,83702,9,"Dead Man Walking (1995)",44,9,5,878341196
69,147,3,administrator,15237,9,"Dead Man Walking (1995)",69,9,4,882126086
11,726,3,other,53705,9,"Dead Man Walking (1995)",11,9,5,891902970
50,325,1,877052400,44691,9,"Dead Man Walking (1995)",50,9,4,877052297
374,257,3,educator,48118,9,"Dead Man Walking (1995)",374,9,1,880393056
226,40,F,librarian,30030,9,"Dead Man Walking (1995)",226,9,5,883889811
15,933,1,technician,43537,9,"Dead Man Walking (1995)",15,9,4,879455635
64,175,5,889739415,63129,9,"Dead Man Walking (1995)",64,9,4,889738085
222,81,1,878183565,30329,9,"Dead Man Walking (1995)",222,9,5,877563227
256,368,F,other,54467,9,"Dead Man Walking (1995)",256,9,4,882150644
344,1165,1,886381986,30068,9,"Dead Man Walking (1995)",344,9,5,884814480
201,43,F,administrator,16803,9,"Dead Man Walking (1995)",201,9,3,884113343
249,28,M,engineer,22932,9,"Dead Man Walking (1995)",249,9,5,879572402
181,1375,M,student,49931,9,"Dead Man Walking (1995)",181,9,4,878962675
16,482,5,877718872,80123,9,"Dead Man Walking (1995)",16,9,5,877722736
189,29,F,librarian,22903,9,"Dead Man Walking (1995)",189,9,3,893263994
363,37,2,891498510,32250,9,"Dead Man Walking (1995)",363,9,3,891494628
378,1232,F,librarian,20854,9,"Dead Man Walking (1995)",378,9,5,880044419
151,484,4,student,01002,10,"Richard III (1995)",151,10,5,879524921
234,403,1,892335674,93550,10,"Richard III (1995)",234,10,3,891227851
239,954,M,programmer,75006,10,"Richard III (1995)",239,10,5,889180338
292,408,M,administrator,85202,10,"Richard III (1995)",292,10,5,881104606
49,30,M,engineer,95129,10,"Richard III (1995)",49,10,3,888066086
59,203,M,engineer,01810,10,"Richard III (1995)",59,10,4,888203234
328,690,3,healthcare,80123,10,"Richard III (1995)",328,10,4,885047099
294,902,4,891404417,55107,10,"Richard III (1995)",294,10,3,877819490
7,555,4,892134811,90703,10,"Richard III (1995)",7,10,4,891352864
296,268,F,none,39042,10,"Richard III (1995)",296,10,2,884196605
181,1375,M,student,49931,10,"Richard III (1995)",181,10,2,878962955
1,190,F,other,37212,10,"Richard III (1995)",1,10,3,875693118
378,1232,F,librarian,20854,10,"Richard III (1995)",378,10,3,880044454
108,14,5,879879720,91351,10,"Richard III (1995)",108,10,5,879879834
430,527,4,877226209,90254,10,"Richard III (1995)",430,10,4,877225726
292,408,M,administrator,85202,11,"Seven (Se7en) (1995)",292,11,5,881104093
200,31,F,educator,43512,11,"Seven (Se7en) (1995)",200,11,5,884129542
223,432,2,885852443,47906,11,"Seven (Se7en) (1995)",223,11,3,891550649
305,29,M,engineer,03261,11,"Seven (Se7en) (1995)",305,11,1,886323237
249,28,M,engineer,22932,11,"Seven (Se7en) (1995)",249,11,5,879640868
262,393,2,879794140,15235,11,"Seven (Se7en) (1995)",262,11,4,879793597
271,430,5,librarian,97403,11,"Seven (Se7en) (1995)",271,11,4,885848408
276,576,3,874792547,21218,11,"Seven (Se7en) (1995)",276,11,5,874787497
20,568,4,879669291,55104,11,"Seven (Se7en) (1995)",20,11,2,879669401
330,1044,M,executive,55369,11,"Seven (Se7en) (1995)",330,11,4,876546561
44,229,3,student,83702,11,"Seven (Se7en) (1995)",44,11,3,878347915
90,483,5,891384570,95161,11,"Seven (Se7en) (1995)",90,11,4,891384113
301,2,F,educator,85710,11,"Seven (Se7en) (1995)",301,11,4,882076291
115,9,5,other,98027,11,"Seven (Se7en) (1995)",115,11,4,881171348
320,27,M,programmer,52246,11,"Seven (Se7en) (1995)",320,11,4,884749255
280,629,4,891701852,16125,11,"Seven (Se7en) (1995)",280,11,5,891700570
215,357,4,891435573,33319,11,"Seven (Se7en) (1995)",215,11,2,891436024
198,228,M,educator,29206,11,"Seven (Se7en) (1995)",198,11,4,884207392
82,405,3,876311423,08043,11,"Seven (Se7en) (1995)",82,11,4,878769992
213,841,4,878871010,00000,11,"Seven (Se7en) (1995)",213,11,4,878956156
286,824,1,876522200,02136,11,"Seven (Se7en) (1995)",286,11,5,877531975
99,748,4,885678436,55413,11,"Seven (Se7en) (1995)",99,11,5,885680138
158,435,M,engineer,97006,11,"Seven (Se7en) (1995)",158,11,4,880134398
92,248,4,886442565,E2A4H,11,"Seven (Se7en) (1995)",92,11,4,875653363
339,182,M,librarian,12180,11,"Seven (Se7en) (1995)",339,11,4,891032379
405,1029,1,885547735,33884,11,"Seven (Se7en) (1995)",405,11,4,885545263
230,27,M,programmer,75013,11,"Seven (Se7en) (1995)",230,11,4,880484911
49,30,M,engineer,95129,11,"Seven (Se7en) (1995)",49,11,3,888069458
43,40,F,librarian,02143,11,"Seven (Se7en) (1995)",43,11,5,875981365
184,15,F,student,25652,11,"Seven (Se7en) (1995)",184,11,3,889908694
62,19,M,student,44106,12,"Usual Suspects, The (1995)",62,12,4,879373613
90,483,5,891384570,95161,12,"Usual Suspects, The (1995)",90,12,5,891383241
151,484,4,student,01002,12,"Usual Suspects, The (1995)",151,12,5,879524368
213,841,4,878871010,00000,12,"Usual Suspects, The (1995)",213,12,5,878955409
59,203,M,engineer,01810,12,"Usual Suspects, The (1995)",59,12,5,888204260
69,147,3,administrator,15237,12,"Usual Suspects, The (1995)",69,12,5,882145567
73,34,M,student,60615,12,"Usual Suspects, The (1995)",73,12,5,888624976
216,150,5,880232812,42459,12,"Usual Suspects, The (1995)",216,12,5,881432544
297,30,F,administrator,17345,12,"Usual Suspects, The (1995)",297,12,5,875239619
76,32,M,entertainment,80525,12,"Usual Suspects, The (1995)",76,12,3,882606060
72,230,1,programmer,38115,12,"Usual Suspects, The (1995)",72,12,5,880036664
156,11,2,888185906,79070,12,"Usual Suspects, The (1995)",156,12,3,888185853
343,499,5,scientist,55106,12,"Usual Suspects, The (1995)",343,12,5,876405735
339,182,M,librarian,12180,12,"Usual Suspects, The (1995)",339,12,5,891032659
130,30,M,programmer,06355,12,"Usual Suspects, The (1995)",130,12,4,875216340
117,27,M,student,53706,12,"Usual Suspects, The (1995)",117,12,5,881011350
18,18,M,student,97520,12,"Usual Suspects, The (1995)",18,12,5,880129991
119,40,F,writer,81648,12,"Usual Suspects, The (1995)",119,12,3,874781915
42,118,4,881105505,22903,12,"Usual Suspects, The (1995)",42,12,4,881107502
256,368,F,other,54467,12,"Usual Suspects, The (1995)",256,12,5,882164696
293,280,2,888905198,80525,12,"Usual Suspects, The (1995)",293,12,4,888905665
1,190,F,other,37212,12,"Usual Suspects, The (1995)",1,12,5,878542960
318,138,M,programmer,10021,12,"Usual Suspects, The (1995)",318,12,4,884495795
218,4,3,877488546,11727,12,"Usual Suspects, The (1995)",218,12,5,881288233
234,403,1,892335674,93550,12,"Usual Suspects, The (1995)",234,12,1,892333830
308,520,4,887738508,16509,12,"Usual Suspects, The (1995)",308,12,5,887737243
347,28,F,other,06405,12,"Usual Suspects, The (1995)",347,12,3,881653584
393,303,4,artist,94533,12,"Usual Suspects, The (1995)",393,12,5,887745883
344,1165,1,886381986,30068,12,"Usual Suspects, The (1995)",344,12,5,884901024
214,45,M,administrator,12550,12,"Usual Suspects, The (1995)",214,12,5,892668153
398,38,F,programmer,55105,12,"Usual Suspects, The (1995)",398,12,3,875658898
194,23,F,educator,20784,12,"Usual Suspects, The (1995)",194,12,5,879520916
222,81,1,878183565,30329,12,"Usual Suspects, The (1995)",222,12,5,878181387
99,748,4,885678436,55413,12,"Usual Suspects, The (1995)",99,12,5,885680458
361,197,5,879440739,01913,12,"Usual Suspects, The (1995)",361,12,4,879441214
315,194,4,librarian,01970,12,"Usual Suspects, The (1995)",315,12,5,879821194
115,9,5,other,98027,12,"Usual Suspects, The (1995)",115,12,5,881171982
94,55,4,student,78264,12,"Usual Suspects, The (1995)",94,12,4,886008625
264,175,5,educator,01720,12,"Usual Suspects, The (1995)",264,12,5,886122508
406,25,M,writer,40206,12,"Usual Suspects, The (1995)",406,12,4,879445897
417,725,4,executive,90291,12,"Usual Suspects, The (1995)",417,12,4,879647275
64,175,5,889739415,63129,12,"Usual Suspects, The (1995)",64,12,5,889738085
135,265,3,librarian,30033,12,"Usual Suspects, The (1995)",135,12,4,879857764
207,875,M,administrator,97212,13,"Mighty Aphrodite (1995)",207,13,3,875506839
151,484,4,student,01002,13,"Mighty Aphrodite (1995)",151,13,3,879542688
213,841,4,878871010,00000,13,"Mighty Aphrodite (1995)",213,13,4,878955139
85,451,4,882995934,92688,13,"Mighty Aphrodite (1995)",85,13,3,879452866
269,194,5,891448951,21218,13,"Mighty Aphrodite (1995)",269,13,4,891446662
315,194,4,librarian,01970,13,"Mighty Aphrodite (1995)",315,13,4,879821158
145,477,M,entertainment,94533,13,"Mighty Aphrodite (1995)",145,13,5,875270507
150,410,M,student,60626,13,"Mighty Aphrodite (1995)",150,13,4,878746889
108,14,5,879879720,91351,13,"Mighty Aphrodite (1995)",108,13,3,879879834
59,203,M,engineer,01810,13,"Mighty Aphrodite (1995)",59,13,5,888203415
82,405,3,876311423,08043,13,"Mighty Aphrodite (1995)",82,13,2,878768615
286,824,1,876522200,02136,13,"Mighty Aphrodite (1995)",286,13,2,876521933
271,430,5,librarian,97403,13,"Mighty Aphrodite (1995)",271,13,4,885847714
244,30,M,administrator,17870,13,"Mighty Aphrodite (1995)",244,13,4,880604379
279,1312,F,other,06260,13,"Mighty Aphrodite (1995)",279,13,3,875249210
219,32,M,other,55116,13,"Mighty Aphrodite (1995)",219,13,1,889452455
243,16,M,doctor,53211,13,"Mighty Aphrodite (1995)",243,13,4,879987362
249,28,M,engineer,22932,13,"Mighty Aphrodite (1995)",249,13,4,879640396
336,153,5,student,55414,13,"Mighty Aphrodite (1995)",336,13,3,877756890
184,15,F,student,25652,13,"Mighty Aphrodite (1995)",184,13,3,889907839
2,19,M,lawyer,22202,13,"Mighty Aphrodite (1995)",2,13,4,888551922
63,306,3,875746948,98101,13,"Mighty Aphrodite (1995)",63,13,4,875747439
270,36,F,marketing,07039,13,"Mighty Aphrodite (1995)",270,13,4,876954192
176,236,4,886048145,53713,13,"Mighty Aphrodite (1995)",176,13,4,886047994
306,26,M,other,49512,13,"Mighty Aphrodite (1995)",306,13,4,876504442
25,114,M,executive,66315,13,"Mighty Aphrodite (1995)",25,13,4,885852381
365,742,3,891304039,29210,13,"Mighty Aphrodite (1995)",365,13,3,891303950
381,100,4,administrator,02154,13,"Mighty Aphrodite (1995)",381,13,4,892696445
214,45,M,administrator,12550,13,"Mighty Aphrodite (1995)",214,13,3,891543271
60,606,4,883327201,49705,13,"Mighty Aphrodite (1995)",60,13,4,883327539
79,53,F,other,94043,13,"Mighty Aphrodite (1995)",79,13,3,891271676
299,86,4,student,77005,13,"Mighty Aphrodite (1995)",299,13,4,877877965
10,483,5,877889333,97301,13,"Mighty Aphrodite (1995)",10,13,3,877892050
18,18,M,student,97520,13,"Mighty Aphrodite (1995)",18,13,5,880131497
174,56,M,programmer,55337,13,"Mighty Aphrodite (1995)",174,13,3,891551777
345,325,1,engineer,03052,13,"Mighty Aphrodite (1995)",345,13,4,884991220
43,40,F,librarian,02143,14,"Postino, Il (1994)",43,14,2,883955745
299,86,4,student,77005,14,"Postino, Il (1994)",299,14,4,877877775
6,189,M,student,27510,14,"Postino, Il (1994)",6,14,5,883599249
181,1375,M,student,49931,14,"Postino, Il (1994)",181,14,1,878962392
121,508,4,891388333,55105,14,"Postino, Il (1994)",121,14,5,891390014
306,26,M,other,49512,14,"Postino, Il (1994)",306,14,5,876503995
82,405,3,876311423,08043,14,"Postino, Il (1994)",82,14,4,876311280
13,783,3,886304188,V3N4P,14,"Postino, Il (1994)",13,14,4,884538727
207,875,M,administrator,97212,14,"Postino, Il (1994)",207,14,4,875504876
195,271,4,879488450,98034,14,"Postino, Il (1994)",195,14,4,890985390
305,29,M,engineer,03261,14,"Postino, Il (1994)",305,14,4,886322893
184,15,F,student,25652,14,"Postino, Il (1994)",184,14,4,889907738
136,515,M,other,02110,14,"Postino, Il (1994)",136,14,5,882693338
161,187,3,891170998,92093,14,"Postino, Il (1994)",161,14,4,891171413
234,403,1,892335674,93550,14,"Postino, Il (1994)",234,14,3,891227730
327,425,F,librarian,59717,14,"Postino, Il (1994)",327,14,4,887744167
59,203,M,engineer,01810,14,"Postino, Il (1994)",59,14,5,888203234
18,18,M,student,97520,14,"Postino, Il (1994)",18,14,5,880130431
95,1018,M,programmer,30220,14,"Postino, Il (1994)",95,14,5,879197329
226,40,F,librarian,30030,14,"Postino, Il (1994)",226,14,5,883889691
1,190,F,other,37212,14,"Postino, Il (1994)",1,14,5,874965706
296,268,F,none,39042,14,"Postino, Il (1994)",296,14,4,884196665
90,483,5,891384570,95161,14,"Postino, Il (1994)",90,14,5,891383987
128,284,M,educator,91903,14,"Postino, Il (1994)",128,14,5,879967341
174,56,M,programmer,55337,14,"Postino, Il (1994)",174,14,5,886433771
361,197,5,879440739,01913,14,"Postino, Il (1994)",361,14,4,879440651
276,576,3,874792547,21218,14,"Postino, Il (1994)",276,14,4,890979947
406,25,M,writer,40206,14,"Postino, Il (1994)",406,14,4,879539855
376,98,5,student,02125,14,"Postino, Il (1994)",376,14,4,879454914
383,9,5,891192801,02139,14,"Postino, Il (1994)",383,14,5,891192836
232,31,F,educator,68767,14,"Postino, Il (1994)",232,14,4,880062574
89,47,M,administrator,89503,14,"Postino, Il (1994)",89,14,4,879441357
437,1262,3,881002091,92037,14,"Postino, Il (1994)",437,14,5,880140369
243,16,M,doctor,53211,15,"Mr. Holland's Opus (1995)",243,15,3,879987440
145,477,M,entertainment,94533,15,"Mr. Holland's Opus (1995)",145,15,2,875270655
128,284,M,educator,91903,15,"Mr. Holland's Opus (1995)",128,15,4,879968827
291,384,4,875086562,63645,15,"Mr. Holland's Opus (1995)",291,15,5,874833668
44,229,3,student,83702,15,"Mr. Holland's Opus (1995)",44,15,4,878341343
117,27,M,student,53706,15,"Mr. Holland's Opus (1995)",117,15,5,880125887
92,248,4,886442565,E2A4H,15,"Mr. Holland's Opus (1995)",92,15,3,875640189
151,484,4,student,01002,15,"Mr. Holland's Opus (1995)",151,15,4,879524879
93,44,M,scientist,53711,15,"Mr. Holland's Opus (1995)",93,15,5,888705388
305,29,M,engineer,03261,15,"Mr. Holland's Opus (1995)",305,15,1,886322796
26,240,M,administrator,05201,15,"Mr. Holland's Opus (1995)",26,15,4,891386369
82,405,3,876311423,08043,15,"Mr. Holland's Opus (1995)",82,15,3,876311365
43,40,F,librarian,02143,15,"Mr. Holland's Opus (1995)",43,15,5,875975546
95,1018,M,programmer,30220,15,"Mr. Holland's Opus (1995)",95,15,4,879195062
262,393,2,879794140,15235,15,"Mr. Holland's Opus (1995)",262,15,3,879962366
74,121,4,writer,52245,15,"Mr. Holland's Opus (1995)",74,15,4,888333542
269,194,5,891448951,21218,15,"Mr. Holland's Opus (1995)",269,15,2,891446348
106,196,5,881450578,95628,15,"Mr. Holland's Opus (1995)",106,15,3,883876518
184,15,F,student,25652,15,"Mr. Holland's Opus (1995)",184,15,3,889907812
198,228,M,educator,29206,15,"Mr. Holland's Opus (1995)",198,15,3,884205185
365,742,3,891304039,29210,15,"Mr. Holland's Opus (1995)",365,15,3,891304152
236,195,2,890118507,55428,15,"Mr. Holland's Opus (1995)",236,15,5,890116628
6,189,M,student,27510,15,"Mr. Holland's Opus (1995)",6,15,3,883599302
296,268,F,none,39042,15,"Mr. Holland's Opus (1995)",296,15,3,884196712
200,31,F,educator,43512,15,"Mr. Holland's Opus (1995)",200,15,4,884127745
254,443,3,librarian,78205,15,"Mr. Holland's Opus (1995)",254,15,3,886471307
271,430,5,librarian,97403,15,"Mr. Holland's Opus (1995)",271,15,3,885847876
45,1060,M,administrator,M7A1A,15,"Mr. Holland's Opus (1995)",45,15,4,881012184
303,541,3,879543988,55106,15,"Mr. Holland's Opus (1995)",303,15,3,879467607
393,303,4,artist,94533,15,"Mr. Holland's Opus (1995)",393,15,3,887744266
277,57,M,engineer,70808,15,"Mr. Holland's Opus (1995)",277,15,4,879544145
189,29,F,librarian,22903,15,"Mr. Holland's Opus (1995)",189,15,2,893264335
216,150,5,880232812,42459,15,"Mr. Holland's Opus (1995)",216,15,3,881428365
311,642,4,884365823,11217,15,"Mr. Holland's Opus (1995)",311,15,5,884963136
323,17,F,student,61073,15,"Mr. Holland's Opus (1995)",323,15,3,878739393
137,266,5,student,71457,15,"Mr. Holland's Opus (1995)",137,15,4,881432965
373,651,4,student,53703,15,"Mr. Holland's Opus (1995)",373,15,4,877098568
391,204,3,877399658,94702,15,"Mr. Holland's Opus (1995)",391,15,4,877399805
398,38,F,programmer,55105,15,"Mr. Holland's Opus (1995)",398,15,5,875651828
178,696,4,882824869,20685,15,"Mr. Holland's Opus (1995)",178,15,5,882823858
222,81,1,878183565,30329,15,"Mr. Holland's Opus (1995)",222,15,3,877563437
318,138,M,programmer,10021,15,"Mr. Holland's Opus (1995)",318,15,5,884470944
348,1028,M,writer,32067,15,"Mr. Holland's Opus (1995)",348,15,4,886523330
345,325,1,engineer,03052,15,"Mr. Holland's Opus (1995)",345,15,4,884991220
234,403,1,892335674,93550,15,"Mr. Holland's Opus (1995)",234,15,3,892079538
185,38,F,entertainment,90814,15,"Mr. Holland's Opus (1995)",185,15,3,883525255
10,483,5,877889333,97301,16,"French Twist (Gazon maudit) (1995)",10,16,4,877888877
181,1375,M,student,49931,16,"French Twist (Gazon maudit) (1995)",181,16,1,878962996
268,23,M,student,55105,16,"French Twist (Gazon maudit) (1995)",268,16,3,875306691
293,280,2,888905198,80525,16,"French Twist (Gazon maudit) (1995)",293,16,2,888907499
402,235,M,programmer,08610,16,"French Twist (Gazon maudit) (1995)",402,16,3,876267096
189,29,F,librarian,22903,16,"French Twist (Gazon maudit) (1995)",189,16,3,893264335
5,31,M,marketing,75240,17,"From Dusk Till Dawn (1996)",5,17,4,875636198
244,30,M,administrator,17870,17,"From Dusk Till Dawn (1996)",244,17,2,880607205
267,20,M,student,87501,17,"From Dusk Till Dawn (1996)",267,17,4,878971773
1,190,F,other,37212,17,"From Dusk Till Dawn (1996)",1,17,3,875073198
49,30,M,engineer,95129,17,"From Dusk Till Dawn (1996)",49,17,2,888068651
315,194,4,librarian,01970,17,"From Dusk Till Dawn (1996)",315,17,1,879821003
291,384,4,875086562,63645,17,"From Dusk Till Dawn (1996)",291,17,4,874834850
221,24,5,875244352,55108,17,"From Dusk Till Dawn (1996)",221,17,4,875245406
246,55,4,student,71701,17,"From Dusk Till Dawn (1996)",246,17,2,884922658
346,455,3,874948889,84010,17,"From Dusk Till Dawn (1996)",346,17,1,874950839
270,36,F,marketing,07039,17,"From Dusk Till Dawn (1996)",270,17,2,876956064
268,23,M,student,55105,17,"From Dusk Till Dawn (1996)",268,17,3,875743588
367,452,M,student,55454,17,"From Dusk Till Dawn (1996)",367,17,5,876689991
299,86,4,student,77005,17,"From Dusk Till Dawn (1996)",299,17,1,889503374
43,40,F,librarian,02143,17,"From Dusk Till Dawn (1996)",43,17,3,883956417
64,175,5,889739415,63129,17,"From Dusk Till Dawn (1996)",64,17,3,889739733
90,483,5,891384570,95161,17,"From Dusk Till Dawn (1996)",90,17,4,891384721
118,421,M,educator,14534,17,"From Dusk Till Dawn (1996)",118,17,3,875385257
15,933,1,technician,43537,18,"White Balloon, The (1995)",15,18,1,879455681
59,203,M,engineer,01810,18,"White Balloon, The (1995)",59,18,4,888203313
6,189,M,student,27510,19,"Antonia's Line (1995)",6,19,4,883602965
136,515,M,other,02110,19,"Antonia's Line (1995)",136,19,4,882693529
144,297,4,888104150,18301,19,"Antonia's Line (1995)",144,19,4,888103929
227,25,M,none,60115,19,"Antonia's Line (1995)",227,19,4,879035431
18,18,M,student,97520,19,"Antonia's Line (1995)",18,19,3,880130582
420,17,M,student,27514,19,"Antonia's Line (1995)",420,19,3,891356927
383,9,5,891192801,02139,19,"Antonia's Line (1995)",383,19,4,891192911
115,9,5,other,98027,20,"Angels and Insects (1995)",115,20,3,881171009
296,268,F,none,39042,20,"Angels and Insects (1995)",296,20,5,884196921
1,190,F,other,37212,20,"Angels and Insects (1995)",1,20,4,887431883
189,29,F,librarian,22903,20,"Angels and Insects (1995)",189,20,5,893264466
224,1045,2,888082766,77840,20,"Angels and Insects (1995)",224,20,1,888104487
234,403,1,892335674,93550,20,"Angels and Insects (1995)",234,20,4,891227979
63,306,3,875746948,98101,20,"Angels and Insects (1995)",63,20,3,875748004
297,30,F,administrator,17345,20,"Angels and Insects (1995)",297,20,4,874954763
181,1375,M,student,49931,20,"Angels and Insects (1995)",181,20,1,878962919
15,933,1,technician,43537,20,"Angels and Insects (1995)",15,20,3,879455541
343,499,5,scientist,55106,20,"Angels and Insects (1995)",343,20,5,876408138
244,30,M,administrator,17870,20,"Angels and Insects (1995)",244,20,4,880604758
286,824,1,876522200,02136,20,"Angels and Insects (1995)",286,20,4,876521858
58,216,3,librarian,02138,20,"Angels and Insects (1995)",58,20,1,884304538
201,43,F,administrator,16803,20,"Angels and Insects (1995)",201,20,2,884140275
373,651,4,student,53703,20,"Angels and Insects (1995)",373,20,2,877098751
62,19,M,student,44106,20,"Angels and Insects (1995)",62,20,4,879372696
62,19,M,student,44106,21,"Muppet Treasure Island (1996)",62,21,3,879373460
268,23,M,student,55105,21,"Muppet Treasure Island (1996)",268,21,3,875742822
307,39,M,educator,61820,21,"Muppet Treasure Island (1996)",307,21,4,876433101
290,210,5,880474716,60187,21,"Muppet Treasure Island (1996)",290,21,3,880475695
160,7,F,administrator,58202,21,"Muppet Treasure Island (1996)",160,21,1,876769480
181,1375,M,student,49931,21,"Muppet Treasure Island (1996)",181,21,1,878963381
189,29,F,librarian,22903,21,"Muppet Treasure Island (1996)",189,21,2,893264619
13,783,3,886304188,V3N4P,21,"Muppet Treasure Island (1996)",13,21,3,882399040
108,14,5,879879720,91351,21,"Muppet Treasure Island (1996)",108,21,3,879880141
60,606,4,883327201,49705,21,"Muppet Treasure Island (1996)",60,21,3,883327923
174,56,M,programmer,55337,21,"Muppet Treasure Island (1996)",174,21,1,886515209
234,403,1,892335674,93550,21,"Muppet Treasure Island (1996)",234,21,3,892335042
45,1060,M,administrator,M7A1A,21,"Muppet Treasure Island (1996)",45,21,3,881014193
269,194,5,891448951,21218,22,"Braveheart (1995)",269,22,1,891448072
90,483,5,891384570,95161,22,"Braveheart (1995)",90,22,4,891384357
222,81,1,878183565,30329,22,"Braveheart (1995)",222,22,5,878183285
313,33,F,educator,68767,22,"Braveheart (1995)",313,22,3,891014870
145,477,M,entertainment,94533,22,"Braveheart (1995)",145,22,5,875273021
326,26,M,administrator,61801,22,"Braveheart (1995)",326,22,4,879874989
217,391,4,889070287,62901,22,"Braveheart (1995)",217,22,5,889069741
271,430,5,librarian,97403,22,"Braveheart (1995)",271,22,5,885848518
7,555,4,892134811,90703,22,"Braveheart (1995)",7,22,5,891351121
224,1045,2,888082766,77840,22,"Braveheart (1995)",224,22,5,888103581
215,357,4,891435573,33319,22,"Braveheart (1995)",215,22,3,891435161
311,642,4,884365823,11217,22,"Braveheart (1995)",311,22,4,884364538
297,30,F,administrator,17345,22,"Braveheart (1995)",297,22,4,875238984
249,28,M,engineer,22932,22,"Braveheart (1995)",249,22,5,879572926
307,39,M,educator,61820,22,"Braveheart (1995)",307,22,3,879205470
125,384,3,892838591,29379,22,"Braveheart (1995)",125,22,5,892836395
10,483,5,877889333,97301,22,"Braveheart (1995)",10,22,5,877888812
16,482,5,877718872,80123,22,"Braveheart (1995)",16,22,5,877721071
347,28,F,other,06405,22,"Braveheart (1995)",347,22,5,881654005
110,13,M,other,48118,22,"Braveheart (1995)",110,22,4,886987826
235,24,M,marketing,92629,22,"Braveheart (1995)",235,22,4,889655044
276,576,3,874792547,21218,22,"Braveheart (1995)",276,22,5,874787496
83,471,3,891182000,61755,22,"Braveheart (1995)",83,22,5,880307724
144,297,4,888104150,18301,22,"Braveheart (1995)",144,22,5,888105439
232,31,F,educator,68767,22,"Braveheart (1995)",232,22,3,888549988
323,17,F,student,61073,22,"Braveheart (1995)",323,22,5,878739743
130,30,M,programmer,06355,22,"Braveheart (1995)",130,22,5,875217265
244,30,M,administrator,17870,22,"Braveheart (1995)",244,22,4,880605665
153,510,3,881371198,97365,22,"Braveheart (1995)",153,22,2,881371140
178,696,4,882824869,20685,22,"Braveheart (1995)",178,22,5,882826187
262,393,2,879794140,15235,22,"Braveheart (1995)",262,22,4,879792452
278,294,4,librarian,51157,22,"Braveheart (1995)",278,22,5,891295360
267,20,M,student,87501,22,"Braveheart (1995)",267,22,4,878971816
328,690,3,healthcare,80123,22,"Braveheart (1995)",328,22,5,885045805
296,268,F,none,39042,22,"Braveheart (1995)",296,22,4,884197068
223,432,2,885852443,47906,22,"Braveheart (1995)",223,22,5,891550649
214,45,M,administrator,12550,22,"Braveheart (1995)",214,22,3,891544200
184,15,F,student,25652,22,"Braveheart (1995)",184,22,3,889908985
290,210,5,880474716,60187,22,"Braveheart (1995)",290,22,5,880473942
106,196,5,881450578,95628,22,"Braveheart (1995)",106,22,4,881449830
380,55,M,technician,75094,22,"Braveheart (1995)",380,22,4,885478334
332,43,F,writer,53711,22,"Braveheart (1995)",332,22,5,887938934
334,870,M,writer,55369,22,"Braveheart (1995)",334,22,4,891545821
118,421,M,educator,14534,22,"Braveheart (1995)",118,22,5,875385136
399,763,M,engineer,17110,22,"Braveheart (1995)",399,22,3,882342834
177,470,M,retired,61455,22,"Braveheart (1995)",177,22,4,880130847
156,11,2,888185906,79070,22,"Braveheart (1995)",156,22,3,888186093
11,726,3,other,53705,22,"Braveheart (1995)",11,22,4,891904241
152,483,M,programmer,53066,22,"Braveheart (1995)",152,22,5,882828490
409,479,5,scientist,21911,22,"Braveheart (1995)",409,22,2,881108077
38,550,2,student,02176,22,"Braveheart (1995)",38,22,5,892429347
135,265,3,librarian,30033,23,"Taxi Driver (1976)",135,23,4,879857765
59,203,M,engineer,01810,23,"Taxi Driver (1976)",59,23,5,888205300
185,38,F,entertainment,90814,23,"Taxi Driver (1976)",185,23,4,883524249
194,23,F,educator,20784,23,"Taxi Driver (1976)",194,23,4,879522819
6,189,M,student,27510,23,"Taxi Driver (1976)",6,23,4,883601365
249,28,M,engineer,22932,23,"Taxi Driver (1976)",249,23,4,879572432
201,43,F,administrator,16803,23,"Taxi Driver (1976)",201,23,4,884111830
198,228,M,educator,29206,23,"Taxi Driver (1976)",198,23,4,884208491
293,280,2,888905198,80525,23,"Taxi Driver (1976)",293,23,4,888905865
118,421,M,educator,14534,23,"Taxi Driver (1976)",118,23,5,875384979
339,182,M,librarian,12180,23,"Taxi Driver (1976)",339,23,5,891033481
392,1142,5,891038184,46005,23,"Taxi Driver (1976)",392,23,5,891038466
250,69,5,878092059,30040,23,"Taxi Driver (1976)",250,23,4,878090499
214,45,M,administrator,12550,23,"Taxi Driver (1976)",214,23,5,892668130
76,32,M,entertainment,80525,23,"Taxi Driver (1976)",76,23,5,875027355
1,190,F,other,37212,23,"Taxi Driver (1976)",1,23,4,875072895
160,7,F,administrator,58202,23,"Taxi Driver (1976)",160,23,5,876859778
94,55,4,student,78264,24,"Rumble in the Bronx (1995)",94,24,4,885873423
158,435,M,engineer,97006,24,"Rumble in the Bronx (1995)",158,24,4,880134261
103,234,3,880420353,94306,24,"Rumble in the Bronx (1995)",103,24,4,880415847
200,31,F,educator,43512,24,"Rumble in the Bronx (1995)",200,24,2,884127370
92,248,4,886442565,E2A4H,24,"Rumble in the Bronx (1995)",92,24,3,875640448
62,19,M,student,44106,24,"Rumble in the Bronx (1995)",62,24,4,879372633
5,31,M,marketing,75240,24,"Rumble in the Bronx (1995)",5,24,4,879198229
198,228,M,educator,29206,24,"Rumble in the Bronx (1995)",198,24,2,884205385
299,86,4,student,77005,24,"Rumble in the Bronx (1995)",299,24,3,877877732
277,57,M,engineer,70808,24,"Rumble in the Bronx (1995)",277,24,4,879543931
294,902,4,891404417,55107,24,"Rumble in the Bronx (1995)",294,24,4,877819761
95,1018,M,programmer,30220,24,"Rumble in the Bronx (1995)",95,24,3,879192542
283,209,4,879298271,85711,24,"Rumble in the Bronx (1995)",283,24,4,879297867
279,1312,F,other,06260,24,"Rumble in the Bronx (1995)",279,24,5,875295591
267,20,M,student,87501,24,"Rumble in the Bronx (1995)",267,24,5,878972682
303,541,3,879543988,55106,24,"Rumble in the Bronx (1995)",303,24,3,879468047
119,40,F,writer,81648,24,"Rumble in the Bronx (1995)",119,24,4,886177076
203,26,M,executive,84601,24,"Rumble in the Bronx (1995)",203,24,4,880434359
249,28,M,engineer,22932,24,"Rumble in the Bronx (1995)",249,24,4,879640306
160,7,F,administrator,58202,24,"Rumble in the Bronx (1995)",160,24,5,876769689
226,40,F,librarian,30030,24,"Rumble in the Bronx (1995)",226,24,4,883889479
314,1032,4,877891603,83814,24,"Rumble in the Bronx (1995)",314,24,1,877886221
296,268,F,none,39042,24,"Rumble in the Bronx (1995)",296,24,2,884196605
297,30,F,administrator,17345,24,"Rumble in the Bronx (1995)",297,24,4,874954260
307,39,M,educator,61820,24,"Rumble in the Bronx (1995)",307,24,4,876176161
1,190,F,other,37212,24,"Rumble in the Bronx (1995)",1,24,3,875071713
359,23,M,entertainment,07029,24,"Rumble in the Bronx (1995)",359,24,3,886453354
13,783,3,886304188,V3N4P,24,"Rumble in the Bronx (1995)",13,24,1,882397741
45,1060,M,administrator,M7A1A,25,"Birdcage, The (1996)",45,25,4,881014015
157,27,F,other,48103,25,"Birdcage, The (1996)",157,25,3,886890787
90,483,5,891384570,95161,25,"Birdcage, The (1996)",90,25,5,891384789
15,933,1,technician,43537,25,"Birdcage, The (1996)",15,25,3,879456204
270,36,F,marketing,07039,25,"Birdcage, The (1996)",270,25,5,876954456
85,451,4,882995934,92688,25,"Birdcage, The (1996)",85,25,2,879452769
297,30,F,administrator,17345,25,"Birdcage, The (1996)",297,25,4,874954497
207,875,M,administrator,97212,25,"Birdcage, The (1996)",207,25,4,876079113
25,114,M,executive,66315,25,"Birdcage, The (1996)",25,25,5,885853415
256,368,F,other,54467,25,"Birdcage, The (1996)",256,25,5,882150552
26,240,M,administrator,05201,25,"Birdcage, The (1996)",26,25,3,891373727
222,81,1,878183565,30329,25,"Birdcage, The (1996)",222,25,3,877563437
151,484,4,student,01002,25,"Birdcage, The (1996)",151,25,4,879528496
274,56,M,other,22306,25,"Birdcage, The (1996)",274,25,5,878945541
152,483,M,programmer,53066,25,"Birdcage, The (1996)",152,25,3,880149045
301,2,F,educator,85710,25,"Birdcage, The (1996)",301,25,3,882075110
145,477,M,entertainment,94533,25,"Birdcage, The (1996)",145,25,2,875270655
213,841,4,878871010,00000,25,"Birdcage, The (1996)",213,25,4,878870750
18,18,M,student,97520,25,"Birdcage, The (1996)",18,25,3,880131591
13,783,3,886304188,V3N4P,25,"Birdcage, The (1996)",13,25,1,882141686
42,118,4,881105505,22903,25,"Birdcage, The (1996)",42,25,3,881110670
342,1073,1,healthcare,06472,25,"Birdcage, The (1996)",342,25,2,875318328
59,203,M,engineer,01810,25,"Birdcage, The (1996)",59,25,4,888203270
200,31,F,educator,43512,25,"Birdcage, The (1996)",200,25,4,876042234
295,1039,4,879517742,55414,25,"Birdcage, The (1996)",295,25,5,879518042
24,9,5,875323745,60476,25,"Birdcage, The (1996)",24,25,4,875246258
82,405,3,876311423,08043,25,"Birdcage, The (1996)",82,25,2,878768435
344,1165,1,886381986,30068,25,"Birdcage, The (1996)",344,25,4,884814480
271,430,5,librarian,97403,25,"Birdcage, The (1996)",271,25,3,885847876
343,499,5,scientist,55106,25,"Birdcage, The (1996)",343,25,2,876402814
264,175,5,educator,01720,25,"Birdcage, The (1996)",264,25,4,886124197
373,651,4,student,53703,25,"Birdcage, The (1996)",373,25,4,877100016
327,425,F,librarian,59717,25,"Birdcage, The (1996)",327,25,2,887746728
125,384,3,892838591,29379,25,"Birdcage, The (1996)",125,25,1,879454987
210,88,M,administrator,06779,25,"Birdcage, The (1996)",210,25,4,887730407
178,696,4,882824869,20685,25,"Birdcage, The (1996)",178,25,3,888514710
223,432,2,885852443,47906,25,"Birdcage, The (1996)",223,25,1,891549382
196,428,M,writer,94583,25,"Birdcage, The (1996)",196,25,4,881251955
382,1142,3,875945451,29205,25,"Birdcage, The (1996)",382,25,2,875945880
308,520,4,887738508,16509,25,"Birdcage, The (1996)",308,25,4,887740649
87,50,M,educator,84408,25,"Birdcage, The (1996)",87,25,4,879876811
181,1375,M,student,49931,25,"Birdcage, The (1996)",181,25,5,878962675
339,182,M,librarian,12180,25,"Birdcage, The (1996)",339,25,4,891035116
286,824,1,876522200,02136,25,"Birdcage, The (1996)",286,25,3,875807003
365,742,3,891304039,29210,25,"Birdcage, The (1996)",365,25,4,891303950
279,1312,F,other,06260,25,"Birdcage, The (1996)",279,25,5,875295736
194,23,F,educator,20784,25,"Birdcage, The (1996)",194,25,2,879540807
201,43,F,administrator,16803,25,"Birdcage, The (1996)",201,25,3,884114015
277,57,M,engineer,70808,25,"Birdcage, The (1996)",277,25,4,879543902
345,325,1,engineer,03052,25,"Birdcage, The (1996)",345,25,3,884991384
56,1092,3,892911573,95938,25,"Birdcage, The (1996)",56,25,4,892911166
393,303,4,artist,94533,25,"Birdcage, The (1996)",393,25,2,887744294
138,318,5,879024183,13820,26,"Brothers McMullen, The (1995)",138,26,5,879024232
224,1045,2,888082766,77840,26,"Brothers McMullen, The (1995)",224,26,3,888104153
18,18,M,student,97520,26,"Brothers McMullen, The (1995)",18,26,4,880129731
222,81,1,878183565,30329,26,"Brothers McMullen, The (1995)",222,26,3,878183043
43,40,F,librarian,02143,26,"Brothers McMullen, The (1995)",43,26,5,883954901
201,43,F,administrator,16803,26,"Brothers McMullen, The (1995)",201,26,4,884111927
299,86,4,student,77005,26,"Brothers McMullen, The (1995)",299,26,4,878192601
95,1018,M,programmer,30220,26,"Brothers McMullen, The (1995)",95,26,3,880571951
89,47,M,administrator,89503,26,"Brothers McMullen, The (1995)",89,26,3,879459909
361,197,5,879440739,01913,26,"Brothers McMullen, The (1995)",361,26,3,879440941
194,23,F,educator,20784,26,"Brothers McMullen, The (1995)",194,26,3,879522240
391,204,3,877399658,94702,26,"Brothers McMullen, The (1995)",391,26,5,877399745
345,325,1,engineer,03052,26,"Brothers McMullen, The (1995)",345,26,3,884993555
303,541,3,879543988,55106,26,"Brothers McMullen, The (1995)",303,26,4,879468307
401,196,5,programmer,94043,26,"Brothers McMullen, The (1995)",401,26,3,891033395
217,391,4,889070287,62901,27,"Bad Boys (1995)",217,27,1,889070011
1,190,F,other,37212,27,"Bad Boys (1995)",1,27,2,876892946
293,280,2,888905198,80525,27,"Bad Boys (1995)",293,27,3,888907753
16,482,5,877718872,80123,27,"Bad Boys (1995)",16,27,2,877726390
201,43,F,administrator,16803,27,"Bad Boys (1995)",201,27,3,884140891
13,783,3,886304188,V3N4P,27,"Bad Boys (1995)",13,27,3,882397833
262,393,2,879794140,15235,28,"Apollo 13 (1995)",262,28,3,879792220
314,1032,4,877891603,83814,28,"Apollo 13 (1995)",314,28,5,877888346
72,230,1,programmer,38115,28,"Apollo 13 (1995)",72,28,4,880036824
312,156,3,administrator,52241,28,"Apollo 13 (1995)",312,28,4,891698300
91,515,5,891439090,49938,28,"Apollo 13 (1995)",91,28,4,891439243
57,932,3,883697585,55013,28,"Apollo 13 (1995)",57,28,4,883698324
7,555,4,892134811,90703,28,"Apollo 13 (1995)",7,28,5,891352341
41,209,M,programmer,91919,28,"Apollo 13 (1995)",41,28,4,890687353
311,642,4,884365823,11217,28,"Apollo 13 (1995)",311,28,5,884365140
62,19,M,student,44106,28,"Apollo 13 (1995)",62,28,3,879375169
292,408,M,administrator,85202,28,"Apollo 13 (1995)",292,28,4,881105734
60,606,4,883327201,49705,28,"Apollo 13 (1995)",60,28,5,883326155
267,20,M,student,87501,28,"Apollo 13 (1995)",267,28,4,878972524
97,192,1,lawyer,20015,28,"Apollo 13 (1995)",97,28,5,884238778
142,358,2,888640178,98199,28,"Apollo 13 (1995)",142,28,4,888640404
207,875,M,administrator,97212,28,"Apollo 13 (1995)",207,28,4,877822162
73,34,M,student,60615,28,"Apollo 13 (1995)",73,28,3,888626468
94,55,4,student,78264,28,"Apollo 13 (1995)",94,28,4,885873159
6,189,M,student,27510,28,"Apollo 13 (1995)",6,28,2,883603013
83,471,3,891182000,61755,28,"Apollo 13 (1995)",83,28,4,880308284
243,16,M,doctor,53211,28,"Apollo 13 (1995)",243,28,4,879988215
42,118,4,881105505,22903,28,"Apollo 13 (1995)",42,28,5,881108187
125,384,3,892838591,29379,28,"Apollo 13 (1995)",125,28,4,879454385
291,384,4,875086562,63645,28,"Apollo 13 (1995)",291,28,4,875086920
339,182,M,librarian,12180,28,"Apollo 13 (1995)",339,28,4,891032542
174,56,M,programmer,55337,28,"Apollo 13 (1995)",174,28,5,886434547
389,1052,2,881384711,50325,28,"Apollo 13 (1995)",389,28,4,880165411
308,520,4,887738508,16509,28,"Apollo 13 (1995)",308,28,3,887737036
185,38,F,entertainment,90814,28,"Apollo 13 (1995)",185,28,5,883524428
110,13,M,other,48118,28,"Apollo 13 (1995)",110,28,4,886987979
373,651,4,student,53703,28,"Apollo 13 (1995)",373,28,3,877103935
275,627,3,875154718,55105,28,"Apollo 13 (1995)",275,28,4,880314529
226,40,F,librarian,30030,28,"Apollo 13 (1995)",226,28,4,883889322
130,30,M,programmer,06355,28,"Apollo 13 (1995)",130,28,4,875217172
216,150,5,880232812,42459,28,"Apollo 13 (1995)",216,28,4,880244902
178,696,4,882824869,20685,28,"Apollo 13 (1995)",178,28,5,882826806
48,181,5,879434954,73034,28,"Apollo 13 (1995)",48,28,2,879434653
412,25,M,educator,15222,28,"Apollo 13 (1995)",412,28,4,879716962
16,482,5,877718872,80123,28,"Apollo 13 (1995)",16,28,5,877727122
374,257,3,educator,48118,28,"Apollo 13 (1995)",374,28,5,880395698
38,550,2,student,02176,28,"Apollo 13 (1995)",38,28,4,892429399
224,1045,2,888082766,77840,29,"Batman Forever (1995)",224,29,3,888104457
222,81,1,878183565,30329,29,"Batman Forever (1995)",222,29,3,878184571
256,368,F,other,54467,29,"Batman Forever (1995)",256,29,4,882164644
56,1092,3,892911573,95938,29,"Batman Forever (1995)",56,29,3,892910913
13,783,3,886304188,V3N4P,29,"Batman Forever (1995)",13,29,2,882397833
22,153,5,administrator,68106,29,"Batman Forever (1995)",22,29,1,878888228
314,1032,4,877891603,83814,29,"Batman Forever (1995)",314,29,5,877889234
200,31,F,educator,43512,29,"Batman Forever (1995)",200,29,4,884130540
174,56,M,programmer,55337,29,"Batman Forever (1995)",174,29,2,886514469
286,824,1,876522200,02136,29,"Batman Forever (1995)",286,29,2,877533586
246,55,4,student,71701,29,"Batman Forever (1995)",246,29,1,884922740
378,1232,F,librarian,20854,29,"Batman Forever (1995)",378,29,3,880332949
193,210,M,executive,23112,29,"Batman Forever (1995)",193,29,3,889126055
374,257,3,educator,48118,29,"Batman Forever (1995)",374,29,3,880939127
313,33,F,educator,68767,29,"Batman Forever (1995)",313,29,2,891028472
189,29,F,librarian,22903,30,"Belle de jour (1967)",189,30,4,893266205
339,182,M,librarian,12180,30,"Belle de jour (1967)",339,30,3,891032765
90,483,5,891384570,95161,30,"Belle de jour (1967)",90,30,5,891385843
194,23,F,educator,20784,30,"Belle de jour (1967)",194,30,3,879524504
321,607,4,879440109,55439,30,"Belle de jour (1967)",321,30,4,879439658
405,1029,1,885547735,33884,30,"Belle de jour (1967)",405,30,1,885549544
109,162,2,880578358,12065,31,"Crimson Tide (1995)",109,31,4,880577844
144,297,4,888104150,18301,31,"Crimson Tide (1995)",144,31,3,888105823
90,483,5,891384570,95161,31,"Crimson Tide (1995)",90,31,4,891384673
244,30,M,administrator,17870,31,"Crimson Tide (1995)",244,31,4,880603484
313,33,F,educator,68767,31,"Crimson Tide (1995)",313,31,4,891015486
1,190,F,other,37212,31,"Crimson Tide (1995)",1,31,3,875072144
41,209,M,programmer,91919,31,"Crimson Tide (1995)",41,31,3,890687473
297,30,F,administrator,17345,31,"Crimson Tide (1995)",297,31,3,881708087
303,541,3,879543988,55106,31,"Crimson Tide (1995)",303,31,3,879467361
56,1092,3,892911573,95938,31,"Crimson Tide (1995)",56,31,4,892679259
268,23,M,student,55105,31,"Crimson Tide (1995)",268,31,4,875310311
94,55,4,student,78264,31,"Crimson Tide (1995)",94,31,4,891721286
328,690,3,healthcare,80123,31,"Crimson Tide (1995)",328,31,4,886036884
293,280,2,888905198,80525,31,"Crimson Tide (1995)",293,31,2,888906244
92,248,4,886442565,E2A4H,31,"Crimson Tide (1995)",92,31,4,875654321
301,2,F,educator,85710,31,"Crimson Tide (1995)",301,31,3,882076463
387,444,F,librarian,11701,31,"Crimson Tide (1995)",387,31,3,886483330
346,455,3,874948889,84010,31,"Crimson Tide (1995)",346,31,4,874950383
186,30,M,marketing,97124,31,"Crimson Tide (1995)",186,31,4,879023529
393,303,4,artist,94533,31,"Crimson Tide (1995)",393,31,4,887745912
16,482,5,877718872,80123,31,"Crimson Tide (1995)",16,31,5,877717956
189,29,F,librarian,22903,31,"Crimson Tide (1995)",189,31,3,893266027
373,651,4,student,53703,31,"Crimson Tide (1995)",373,31,3,877100199
233,923,4,877664010,90210,31,"Crimson Tide (1995)",233,31,3,880610814
398,38,F,programmer,55105,31,"Crimson Tide (1995)",398,31,3,875658967
442,54,3,883391274,22206,31,"Crimson Tide (1995)",442,31,3,883391249
7,555,4,892134811,90703,32,"Crumb (1994)",7,32,4,891350932
296,268,F,none,39042,32,"Crumb (1994)",296,32,4,884197131
201,43,F,administrator,16803,32,"Crumb (1994)",201,32,3,884140049
221,24,5,875244352,55108,32,"Crumb (1994)",221,32,4,875245223
299,86,4,student,77005,32,"Crumb (1994)",299,32,3,877881169
95,1018,M,programmer,30220,32,"Crumb (1994)",95,32,1,888954726
339,182,M,librarian,12180,32,"Crumb (1994)",339,32,5,891032255
6,189,M,student,27510,32,"Crumb (1994)",6,32,4,883601311
327,425,F,librarian,59717,32,"Crumb (1994)",327,32,4,887747266
92,248,4,886442565,E2A4H,32,"Crumb (1994)",92,32,3,875653363
387,444,F,librarian,11701,32,"Crumb (1994)",387,32,5,886479737
234,403,1,892335674,93550,32,"Crumb (1994)",234,32,3,892078936
160,7,F,administrator,58202,32,"Crumb (1994)",160,32,5,876859413
115,9,5,other,98027,32,"Crumb (1994)",115,32,5,881171348
144,297,4,888104150,18301,32,"Crumb (1994)",144,32,4,888105287
342,1073,1,healthcare,06472,32,"Crumb (1994)",342,32,5,874984207
214,45,M,administrator,12550,32,"Crumb (1994)",214,32,4,892668249
416,1503,F,student,76111,32,"Crumb (1994)",416,32,2,888702297
118,421,M,educator,14534,32,"Crumb (1994)",118,32,5,875384979
1,190,F,other,37212,33,"Desperado (1995)",1,33,4,878542699
301,2,F,educator,85710,33,"Desperado (1995)",301,33,4,882078228
264,175,5,educator,01720,33,"Desperado (1995)",264,33,3,886122644
94,55,4,student,78264,33,"Desperado (1995)",94,33,3,891721919
95,1018,M,programmer,30220,33,"Desperado (1995)",95,33,3,880571704
218,4,3,877488546,11727,33,"Desperado (1995)",218,33,4,881288386
346,455,3,874948889,84010,33,"Desperado (1995)",346,33,5,875261753
200,31,F,educator,43512,33,"Desperado (1995)",200,33,4,884129602
62,19,M,student,44106,33,"Desperado (1995)",62,33,1,879374785
144,297,4,888104150,18301,33,"Desperado (1995)",144,33,5,888105902
197,550,3,891409981,36117,33,"Desperado (1995)",197,33,2,891409981
135,265,3,librarian,30033,33,"Desperado (1995)",135,33,3,879857930
193,210,M,executive,23112,33,"Desperado (1995)",193,33,3,889125912
293,280,2,888905198,80525,33,"Desperado (1995)",293,33,2,888907433
130,30,M,programmer,06355,33,"Desperado (1995)",130,33,5,876252087
399,763,M,engineer,17110,33,"Desperado (1995)",399,33,3,882344942
87,50,M,educator,84408,33,"Desperado (1995)",87,33,3,879876488
345,325,1,engineer,03052,33,"Desperado (1995)",345,33,4,884993069
320,27,M,programmer,52246,33,"Desperado (1995)",320,33,4,884749385
286,824,1,876522200,02136,34,"Doom Generation, The (1995)",286,34,5,877534701
276,576,3,874792547,21218,34,"Doom Generation, The (1995)",276,34,2,877934264
94,55,4,student,78264,34,"Doom Generation, The (1995)",94,34,1,891723558
184,15,F,student,25652,34,"Doom Generation, The (1995)",184,34,2,889913568
254,443,3,librarian,78205,35,"Free Willy 2: The Adventure Home (1995)",254,35,2,886475755
184,15,F,student,25652,36,"Mad Love (1995)",184,36,3,889910195
293,280,2,888905198,80525,36,"Mad Love (1995)",293,36,1,888908041
201,43,F,administrator,16803,36,"Mad Love (1995)",201,36,1,884140927
1,190,F,other,37212,36,"Mad Love (1995)",1,36,2,875073180
201,43,F,administrator,16803,37,"Nadja (1994)",201,37,2,884114635
110,13,M,other,48118,38,"Net, The (1995)",110,38,3,886988574
11,726,3,other,53705,38,"Net, The (1995)",11,38,3,891905936
276,576,3,874792547,21218,38,"Net, The (1995)",276,38,3,874792574
49,30,M,engineer,95129,38,"Net, The (1995)",49,38,1,888068289
280,629,4,891701852,16125,38,"Net, The (1995)",280,38,3,891701832
158,435,M,engineer,97006,38,"Net, The (1995)",158,38,4,880134607
311,642,4,884365823,11217,38,"Net, The (1995)",311,38,3,884365954
200,31,F,educator,43512,38,"Net, The (1995)",200,38,3,884130348
330,1044,M,executive,55369,38,"Net, The (1995)",330,38,4,876546948
64,175,5,889739415,63129,38,"Net, The (1995)",64,38,3,889740415
94,55,4,student,78264,38,"Net, The (1995)",94,38,2,891722482
389,1052,2,881384711,50325,38,"Net, The (1995)",389,38,2,880089076
56,1092,3,892911573,95938,38,"Net, The (1995)",56,38,2,892683533
145,477,M,entertainment,94533,38,"Net, The (1995)",145,38,3,888398747
343,499,5,scientist,55106,38,"Net, The (1995)",343,38,3,876406257
303,541,3,879543988,55106,38,"Net, The (1995)",303,38,1,879484981
217,391,4,889070287,62901,38,"Net, The (1995)",217,38,3,889070266
295,1039,4,879517742,55414,39,"Strange Days (1995)",295,39,4,879518279
135,265,3,librarian,30033,39,"Strange Days (1995)",135,39,3,879857931
293,280,2,888905198,80525,39,"Strange Days (1995)",293,39,3,888906804
221,24,5,875244352,55108,39,"Strange Days (1995)",221,39,4,875245798
344,1165,1,886381986,30068,39,"Strange Days (1995)",344,39,3,884901290
94,55,4,student,78264,39,"Strange Days (1995)",94,39,3,891721317
87,50,M,educator,84408,39,"Strange Days (1995)",87,39,3,879875995
214,45,M,administrator,12550,39,"Strange Days (1995)",214,39,4,891544845
249,28,M,engineer,22932,39,"Strange Days (1995)",249,39,4,879572284
145,477,M,entertainment,94533,39,"Strange Days (1995)",145,39,4,875271838
130,30,M,programmer,06355,39,"Strange Days (1995)",130,39,4,875801496
49,30,M,engineer,95129,39,"Strange Days (1995)",49,39,2,888068194
1,190,F,other,37212,39,"Strange Days (1995)",1,39,4,875072173
59,203,M,engineer,01810,39,"Strange Days (1995)",59,39,4,888205033
425,183,3,878738486,15213,39,"Strange Days (1995)",425,39,4,878738335
375,300,4,886621795,10003,39,"Strange Days (1995)",375,39,3,886622024
210,88,M,administrator,06779,40,"To Wong Foo, Thanks for Everything! Julie Newmar (1995)",210,40,3,891035994
87,50,M,educator,84408,40,"To Wong Foo, Thanks for Everything! Julie Newmar (1995)",87,40,3,879876917
276,576,3,874792547,21218,40,"To Wong Foo, Thanks for Everything! Julie Newmar (1995)",276,40,3,874791871
43,40,F,librarian,02143,40,"To Wong Foo, Thanks for Everything! Julie Newmar (1995)",43,40,3,883956468
49,30,M,engineer,95129,40,"To Wong Foo, Thanks for Everything! Julie Newmar (1995)",49,40,1,888069222
222,81,1,878183565,30329,40,"To Wong Foo, Thanks for Everything! Julie Newmar (1995)",222,40,1,881060550
5,31,M,marketing,75240,40,"To Wong Foo, Thanks for Everything! Julie Newmar (1995)",5,40,4,879198109
13,783,3,886304188,V3N4P,40,"To Wong Foo, Thanks for Everything! Julie Newmar (1995)",13,40,2,886302815
280,629,4,891701852,16125,40,"To Wong Foo, Thanks for Everything! Julie Newmar (1995)",280,40,5,891701614
174,56,M,programmer,55337,40,"To Wong Foo, Thanks for Everything! Julie Newmar (1995)",174,40,4,886514985
174,56,M,programmer,55337,41,"Billy Madison (1995)",174,41,1,886515063
291,384,4,875086562,63645,41,"Billy Madison (1995)",291,41,4,875086636
276,576,3,874792547,21218,41,"Billy Madison (1995)",276,41,3,874792277
214,45,M,administrator,12550,42,"Clerks (1994)",214,42,5,892668130
279,1312,F,other,06260,42,"Clerks (1994)",279,42,4,875308843
