movie_id,title,user_id,movie_id,rating,timestamp
1,"Toy Story (1995)",308,1,4,887736532
1,"Toy Story (1995)",287,1,5,875334088
1,"Toy Story (1995)",148,1,4,877019411
1,"Toy Story (1995)",280,1,4,891700426
1,"Toy Story (1995)",66,1,3,883601324
1,"Toy Story (1995)",5,1,4,875635748
1,"Toy Story (1995)",109,1,4,880563619
1,"Toy Story (1995)",181,1,3,878962392
1,"Toy Story (1995)",95,1,5,879197329
1,"Toy Story (1995)",268,1,3,875742341
1,"Toy Story (1995)",189,1,5,893264174
1,"Toy Story (1995)",145,1,3,882181396
1,"Toy Story (1995)",158,1,4,880132443
1,"Toy Story (1995)",67,1,3,875379445
1,"Toy Story (1995)",232,1,4,880062302
1,"Toy Story (1995)",150,1,4,878746441
1,"Toy Story (1995)",289,1,3,876789736
1,"Toy Story (1995)",117,1,4,880126083
1,"Toy Story (1995)",49,1,2,888068651
1,"Toy Story (1995)",223,1,4,891549324
1,"Toy Story (1995)",56,1,4,892683248
1,"Toy Story (1995)",17,1,4,885272579
1,"Toy Story (1995)",340,1,5,884990988
1,"Toy Story (1995)",177,1,3,880130699
1,"Toy Story (1995)",194,1,4,879539127
1,"Toy Story (1995)",250,1,4,883263374
1,"Toy Story (1995)",213,1,2,878870719
1,"Toy Story (1995)",350,1,4,882345734
1,"Toy Story (1995)",348,1,4,886523078
1,"Toy Story (1995)",131,1,4,883681384
1,"Toy Story (1995)",106,1,4,881449487
1,"Toy Story (1995)",234,1,3,891227689
1,"Toy Story (1995)",43,1,5,875975579
1,"Toy Story (1995)",20,1,3,879667963
1,"Toy Story (1995)",246,1,4,884920918
1,"Toy Story (1995)",94,1,4,885870323
1,"Toy Story (1995)",279,1,3,875295812
1,"Toy Story (1995)",38,1,5,892430636
1,"Toy Story (1995)",128,1,4,879966919
1,"Toy Story (1995)",96,1,5,884403574
1,"Toy Story (1995)",203,1,3,880434384
1,"Toy Story (1995)",157,1,5,874813703
1,"Toy Story (1995)",311,1,4,884963202
1,"Toy Story (1995)",125,1,4,879454699
1,"Toy Story (1995)",286,1,4,876521699
1,"Toy Story (1995)",83,1,4,880306903
1,"Toy Story (1995)",301,1,4,882074345
1,"Toy Story (1995)",345,1,3,884990938
1,"Toy Story (1995)",18,1,5,880130802
1,"Toy Story (1995)",322,1,2,887314119
1,"Toy Story (1995)",64,1,4,879366214
1,"Toy Story (1995)",45,1,5,881013176
1,"Toy Story (1995)",247,1,4,893097024
1,"Toy Story (1995)",204,1,2,892513979
1,"Toy Story (1995)",271,1,3,886106038
1,"Toy Story (1995)",41,1,4,890692860
1,"Toy Story (1995)",274,1,4,878945466
1,"Toy Story (1995)",222,1,4,877563227
1,"Toy Story (1995)",15,1,1,879455635
1,"Toy Story (1995)",23,1,5,874784615
2,"GoldenEye (1995)",5,2,3,875636053
2,"GoldenEye (1995)",268,2,2,875744173
2,"GoldenEye (1995)",276,2,4,874792436
2,"GoldenEye (1995)",217,2,3,889069782
2,"GoldenEye (1995)",87,2,4,879876074
2,"GoldenEye (1995)",250,2,4,878090414
2,"GoldenEye (1995)",201,2,2,884112487
2,"GoldenEye (1995)",64,2,3,889737609
2,"GoldenEye (1995)",13,2,3,882397650
2,"GoldenEye (1995)",95,2,2,888955909
2,"GoldenEye (1995)",213,2,4,878955914
2,"GoldenEye (1995)",373,2,4,877100416
2,"GoldenEye (1995)",293,2,3,888907101
2,"GoldenEye (1995)",193,2,3,890860198
2,"GoldenEye (1995)",363,2,4,891495809
2,"GoldenEye (1995)",256,2,5,882164480
2,"GoldenEye (1995)",200,2,4,884130046
2,"GoldenEye (1995)",207,2,3,877822770
2,"GoldenEye (1995)",393,2,4,887746206
2,"GoldenEye (1995)",222,2,3,878183837
2,"GoldenEye (1995)",399,2,3,882512708
3,"Four Rooms (1995)",181,3,2,878963441
3,"Four Rooms (1995)",81,3,4,876592546
3,"Four Rooms (1995)",160,3,3,876770124
3,"Four Rooms (1995)",130,3,5,876250897
3,"Four Rooms (1995)",49,3,3,888068877
3,"Four Rooms (1995)",320,3,4,884748978
3,"Four Rooms (1995)",157,3,3,886890734
3,"Four Rooms (1995)",145,3,3,875271562
3,"Four Rooms (1995)",95,3,1,879193881
3,"Four Rooms (1995)",99,3,3,885679237
3,"Four Rooms (1995)",267,3,4,878970901
3,"Four Rooms (1995)",417,3,4,879646344
4,"Get Shorty (1995)",99,4,5,886519097
4,"Get Shorty (1995)",19,4,4,885412840
4,"Get Shorty (1995)",194,4,4,879521397
4,"Get Shorty (1995)",207,4,4,876198457
4,"Get Shorty (1995)",62,4,4,879374640
4,"Get Shorty (1995)",295,4,4,879518568
4,"Get Shorty (1995)",201,4,4,884111830
4,"Get Shorty (1995)",10,4,4,877889130
4,"Get Shorty (1995)",308,4,5,887737890
4,"Get Shorty (1995)",328,4,3,885047895
4,"Get Shorty (1995)",109,4,2,880572756
4,"Get Shorty (1995)",334,4,3,891548345
4,"Get Shorty (1995)",77,4,3,884752721
4,"Get Shorty (1995)",346,4,4,874948105
4,"Get Shorty (1995)",222,4,3,878183924
4,"Get Shorty (1995)",160,4,4,876861754
4,"Get Shorty (1995)",291,4,4,874835062
4,"Get Shorty (1995)",279,4,4,875296461
4,"Get Shorty (1995)",130,4,2,875801778
4,"Get Shorty (1995)",264,4,4,886123656
4,"Get Shorty (1995)",385,4,2,879445260
4,"Get Shorty (1995)",352,4,3,884290328
4,"Get Shorty (1995)",378,4,3,880045612
4,"Get Shorty (1995)",276,4,4,874791623
4,"Get Shorty (1995)",216,4,5,880234469
4,"Get Shorty (1995)",342,4,4,874984395
4,"Get Shorty (1995)",256,4,5,882164525
4,"Get Shorty (1995)",280,4,3,891700733
4,"Get Shorty (1995)",320,4,3,884749306
4,"Get Shorty (1995)",221,4,3,875245462
5,"Copycat (1995)",293,5,3,888906576
5,"Copycat (1995)",43,5,4,875981421
5,"Copycat (1995)",311,5,3,884365853
5,"Copycat (1995)",109,5,3,880580637
5,"Copycat (1995)",344,5,3,884901533
5,"Copycat (1995)",145,5,3,875272196
5,"Copycat (1995)",314,5,4,877889724
5,"Copycat (1995)",308,5,4,887739608
5,"Copycat (1995)",280,5,4,891701066
5,"Copycat (1995)",44,5,4,878347598
5,"Copycat (1995)",269,5,2,891450780
5,"Copycat (1995)",388,5,4,886441083
5,"Copycat (1995)",218,5,3,881288574
5,"Copycat (1995)",332,5,5,888360370
5,"Copycat (1995)",363,5,1,891497047
5,"Copycat (1995)",276,5,3,874792692
5,"Copycat (1995)",102,5,3,888803002
6,"Shanghai Triad (Yao a yao yao dao waipo qiao) (1995)",63,6,3,875747439
6,"Shanghai Triad (Yao a yao yao dao waipo qiao) (1995)",1,6,5,887431973
6,"Shanghai Triad (Yao a yao yao dao waipo qiao) (1995)",90,6,4,891384357
6,"Shanghai Triad (Yao a yao yao dao waipo qiao) (1995)",9,6,5,886960055
6,"Shanghai Triad (Yao a yao yao dao waipo qiao) (1995)",79,6,4,891271901
6,"Shanghai Triad (Yao a yao yao dao waipo qiao) (1995)",409,6,4,881109306
7,"Twelve Monkeys (1995)",250,7,4,878089716
7,"Twelve Monkeys (1995)",10,7,4,877892210
7,"Twelve Monkeys (1995)",66,7,3,883601355
7,"Twelve Monkeys (1995)",291,7,5,874834481
7,"Twelve Monkeys (1995)",198,7,4,884205317
7,"Twelve Monkeys (1995)",104,7,3,888465972
7,"Twelve Monkeys (1995)",217,7,4,889069741
7,"Twelve Monkeys (1995)",49,7,4,888067307
7,"Twelve Monkeys (1995)",68,7,3,876974096
7,"Twelve Monkeys (1995)",116,7,2,876453915
7,"Twelve Monkeys (1995)",244,7,4,880602558
7,"Twelve Monkeys (1995)",286,7,4,875807003
7,"Twelve Monkeys (1995)",28,7,5,881961531
7,"Twelve Monkeys (1995)",289,7,4,876789628
7,"Twelve Monkeys (1995)",26,7,3,891350826
7,"Twelve Monkeys (1995)",331,7,4,877196633
7,"Twelve Monkeys (1995)",265,7,2,875320689
7,"Twelve Monkeys (1995)",181,7,4,878963037
7,"Twelve Monkeys (1995)",151,7,4,879524610
7,"Twelve Monkeys (1995)",43,7,4,875975520
7,"Twelve Monkeys (1995)",97,7,5,884238939
7,"Twelve Monkeys (1995)",73,7,4,888625956
7,"Twelve Monkeys (1995)",323,7,2,878739355
7,"Twelve Monkeys (1995)",200,7,4,876042451
7,"Twelve Monkeys (1995)",188,7,5,875073477
7,"Twelve Monkeys (1995)",59,7,4,888202941
7,"Twelve Monkeys (1995)",214,7,5,892668130
7,"Twelve Monkeys (1995)",294,7,4,877819563
7,"Twelve Monkeys (1995)",14,7,5,876965061
7,"Twelve Monkeys (1995)",81,7,4,876533545
7,"Twelve Monkeys (1995)",230,7,3,880484476
7,"Twelve Monkeys (1995)",267,7,5,878970503
7,"Twelve Monkeys (1995)",226,7,4,883889479
7,"Twelve Monkeys (1995)",57,7,4,883697105
7,"Twelve Monkeys (1995)",280,7,4,891700385
7,"Twelve Monkeys (1995)",99,7,4,885678784
7,"Twelve Monkeys (1995)",168,7,1,884287559
7,"Twelve Monkeys (1995)",332,7,4,887916547
7,"Twelve Monkeys (1995)",297,7,4,874954541
7,"Twelve Monkeys (1995)",64,7,4,889737542
7,"Twelve Monkeys (1995)",222,7,5,877563168
7,"Twelve Monkeys (1995)",357,7,3,878951537
7,"Twelve Monkeys (1995)",301,7,4,882074236
7,"Twelve Monkeys (1995)",84,7,4,883452155
7,"Twelve Monkeys (1995)",268,7,4,876513953
7,"Twelve Monkeys (1995)",87,7,4,879875735
7,"Twelve Monkeys (1995)",216,7,5,880232719
7,"Twelve Monkeys (1995)",352,7,3,884290549
7,"Twelve Monkeys (1995)",145,7,5,875270429
7,"Twelve Monkeys (1995)",269,7,3,891449055
7,"Twelve Monkeys (1995)",295,7,5,879518018
7,"Twelve Monkeys (1995)",7,7,5,891352220
7,"Twelve Monkeys (1995)",397,7,5,885349913
7,"Twelve Monkeys (1995)",79,7,5,891272016
7,"Twelve Monkeys (1995)",365,7,2,891304213
7,"Twelve Monkeys (1995)",67,7,5,875379794
7,"Twelve Monkeys (1995)",334,7,5,891544788
7,"Twelve Monkeys (1995)",227,7,5,879035251
7,"Twelve Monkeys (1995)",8,7,3,879362287
7,"Twelve Monkeys (1995)",148,7,5,877017054
7,"Twelve Monkeys (1995)",203,7,3,880434438
7,"Twelve Monkeys (1995)",15,7,1,879455506
7,"Twelve Monkeys (1995)",256,7,4,882151017
7,"Twelve Monkeys (1995)",374,7,1,880393268
7,"Twelve Monkeys (1995)",235,7,4,889655723
7,"Twelve Monkeys (1995)",347,7,4,881652590
7,"Twelve Monkeys (1995)",194,7,3,879538898
7,"Twelve Monkeys (1995)",402,7,4,876267068
7,"Twelve Monkeys (1995)",46,7,4,883616155
7,"Twelve Monkeys (1995)",95,7,5,879197329
7,"Twelve Monkeys (1995)",234,7,2,891227813
7,"Twelve Monkeys (1995)",314,7,4,877886375
7,"Twelve Monkeys (1995)",320,7,4,884748708
7,"Twelve Monkeys (1995)",305,7,4,886323937
7,"Twelve Monkeys (1995)",109,7,4,880563080
8,"Babe (1995)",109,8,3,880572642
8,"Babe (1995)",16,8,5,877722736
8,"Babe (1995)",115,8,5,881171982
8,"Babe (1995)",223,8,2,891550684
8,"Babe (1995)",246,8,3,884921245
8,"Babe (1995)",298,8,5,884182748
8,"Babe (1995)",271,8,4,885848770
8,"Babe (1995)",315,8,3,879820961
8,"Babe (1995)",232,8,2,888549757
8,"Babe (1995)",272,8,4,879455015
8,"Babe (1995)",213,8,3,878955564
8,"Babe (1995)",158,8,5,880134948
8,"Babe (1995)",96,8,5,884403020
8,"Babe (1995)",62,8,5,879373820
8,"Babe (1995)",201,8,3,884141438
8,"Babe (1995)",58,8,4,884304955
8,"Babe (1995)",334,8,4,891547171
8,"Babe (1995)",234,8,5,892079585
8,"Babe (1995)",64,8,4,889737968
8,"Babe (1995)",106,8,4,881452405
8,"Babe (1995)",330,8,5,876546236
8,"Babe (1995)",293,8,3,888905736
8,"Babe (1995)",7,8,5,891351328
8,"Babe (1995)",378,8,4,880045722
8,"Babe (1995)",321,8,4,879440451
8,"Babe (1995)",215,8,2,891436177
8,"Babe (1995)",301,8,4,882076494
8,"Babe (1995)",85,8,4,879454952
8,"Babe (1995)",230,8,5,880484501
8,"Babe (1995)",178,8,4,882826556
8,"Babe (1995)",222,8,1,878182307
8,"Babe (1995)",379,8,5,880525194
8,"Babe (1995)",25,8,4,885852150
8,"Babe (1995)",312,8,5,891699263
8,"Babe (1995)",239,8,5,889179290
8,"Babe (1995)",207,8,3,878103820
8,"Babe (1995)",399,8,3,882510165
8,"Babe (1995)",343,8,5,876404836
8,"Babe (1995)",200,8,4,884128904
8,"Babe (1995)",87,8,5,879876447
8,"Babe (1995)",409,8,3,881108777
8,"Babe (1995)",196,8,5,881251753
9,"Dead Man Walking (1995)",58,9,4,884304328
9,"Dead Man Walking (1995)",292,9,4,881104148
9,"Dead Man Walking (1995)",239,9,5,889180446
9,"Dead Man Walking (1995)",311,9,4,884963365
9,"Dead Man Walking (1995)",87,9,4,879877931
9,"Dead Man Walking (1995)",269,9,4,891446246
9,"Dead Man Walking (1995)",94,9,5,885872684
9,"Dead Man Walking (1995)",328,9,4,885045993
9,"Dead Man Walking (1995)",314,9,4,877886375
9,"Dead Man Walking (1995)",74,9,4,888333458
9,"Dead Man Walking (1995)",323,9,4,878739325
9,"Dead Man Walking (1995)",17,9,3,885272558
9,"Dead Man Walking (1995)",252,9,5,891456797
9,"Dead Man Walking (1995)",26,9,4,891386369
9,"Dead Man Walking (1995)",301,9,3,882074291
9,"Dead Man Walking (1995)",90,9,4,891385787
9,"Dead Man Walking (1995)",277,9,4,879543336
9,"Dead Man Walking (1995)",227,9,3,879035431
9,"Dead Man Walking (1995)",303,9,5,879466830
9,"Dead Man Walking (1995)",121,9,5,891390013
9,"Dead Man Walking (1995)",109,9,3,880564607
9,"Dead Man Walking (1995)",120,9,4,889489886
9,"Dead Man Walking (1995)",44,9,5,878341196
9,"Dead Man Walking (1995)",69,9,4,882126086
9,"Dead Man Walking (1995)",11,9,5,891902970
9,"Dead Man Walking (1995)",50,9,4,877052297
9,"Dead Man Walking (1995)",374,9,1,880393056
9,"Dead Man Walking (1995)",226,9,5,883889811
9,"Dead Man Walking (1995)",15,9,4,879455635
9,"Dead Man Walking (1995)",64,9,4,889738085
9,"Dead Man Walking (1995)",14,9,4,879119260
9,"Dead Man Walking (1995)",222,9,5,877563227
9,"Dead Man Walking (1995)",256,9,4,882150644
9,"Dead Man Walking (1995)",344,9,5,884814480
9,"Dead Man Walking (1995)",175,9,4,877108146
9,"Dead Man Walking (1995)",316,9,4,880853774
9,"Dead Man Walking (1995)",201,9,3,884113343
9,"Dead Man Walking (1995)",249,9,5,879572402
9,"Dead Man Walking (1995)",181,9,4,878962675
9,"Dead Man Walking (1995)",16,9,5,877722736
9,"Dead Man Walking (1995)",349,9,4,879465477
9,"Dead Man Walking (1995)",189,9,3,893263994
9,"Dead Man Walking (1995)",363,9,3,891494628
9,"Dead Man Walking (1995)",378,9,5,880044419
10,"Richard III (1995)",151,10,5,879524921
10,"Richard III (1995)",234,10,3,891227851
10,"Richard III (1995)",239,10,5,889180338
10,"Richard III (1995)",292,10,5,881104606
10,"Richard III (1995)",49,10,3,888066086
10,"Richard III (1995)",59,10,4,888203234
10,"Richard III (1995)",328,10,4,885047099
10,"Richard III (1995)",294,10,3,877819490
10,"Richard III (1995)",7,10,4,891352864
10,"Richard III (1995)",296,10,2,884196605
10,"Richard III (1995)",181,10,2,878962955
10,"Richard III (1995)",1,10,3,875693118
10,"Richard III (1995)",378,10,3,880044454
10,"Richard III (1995)",108,10,5,879879834
10,"Richard III (1995)",430,10,4,877225726
11,"Seven (Se7en) (1995)",292,11,5,881104093
11,"Seven (Se7en) (1995)",200,11,5,884129542
11,"Seven (Se7en) (1995)",223,11,3,891550649
11,"Seven (Se7en) (1995)",305,11,1,886323237
11,"Seven (Se7en) (1995)",249,11,5,879640868
11,"Seven (Se7en) (1995)",262,11,4,879793597
11,"Seven (Se7en) (1995)",287,11,5,875335124
11,"Seven (Se7en) (1995)",271,11,4,885848408
11,"Seven (Se7en) (1995)",124,11,5,890287645
11,"Seven (Se7en) (1995)",276,11,5,874787497
11,"Seven (Se7en) (1995)",20,11,2,879669401
11,"Seven (Se7en) (1995)",330,11,4,876546561
11,"Seven (Se7en) (1995)",44,11,3,878347915
11,"Seven (Se7en) (1995)",90,11,4,891384113
11,"Seven (Se7en) (1995)",301,11,4,882076291
11,"Seven (Se7en) (1995)",115,11,4,881171348
11,"Seven (Se7en) (1995)",320,11,4,884749255
11,"Seven (Se7en) (1995)",272,11,4,879455143
11,"Seven (Se7en) (1995)",280,11,5,891700570
11,"Seven (Se7en) (1995)",215,11,2,891436024
11,"Seven (Se7en) (1995)",198,11,4,884207392
11,"Seven (Se7en) (1995)",82,11,4,878769992
11,"Seven (Se7en) (1995)",213,11,4,878956156
11,"Seven (Se7en) (1995)",286,11,5,877531975
11,"Seven (Se7en) (1995)",99,11,5,885680138
11,"Seven (Se7en) (1995)",158,11,4,880134398
11,"Seven (Se7en) (1995)",92,11,4,875653363
11,"Seven (Se7en) (1995)",339,11,4,891032379
11,"Seven (Se7en) (1995)",248,11,5,884534992
11,"Seven (Se7en) (1995)",405,11,4,885545263
11,"Seven (Se7en) (1995)",37,11,4,880915838
11,"Seven (Se7en) (1995)",230,11,4,880484911
11,"Seven (Se7en) (1995)",49,11,3,888069458
11,"Seven (Se7en) (1995)",43,11,5,875981365
11,"Seven (Se7en) (1995)",184,11,3,889908694
12,"Usual Suspects, The (1995)",272,12,5,879455254
12,"Usual Suspects, The (1995)",62,12,4,879373613
12,"Usual Suspects, The (1995)",90,12,5,891383241
12,"Usual Suspects, The (1995)",151,12,5,879524368
12,"Usual Suspects, The (1995)",84,12,5,883452874
12,"Usual Suspects, The (1995)",213,12,5,878955409
12,"Usual Suspects, The (1995)",59,12,5,888204260
12,"Usual Suspects, The (1995)",69,12,5,882145567
12,"Usual Suspects, The (1995)",73,12,5,888624976
12,"Usual Suspects, The (1995)",216,12,5,881432544
12,"Usual Suspects, The (1995)",28,12,4,881956853
12,"Usual Suspects, The (1995)",297,12,5,875239619
12,"Usual Suspects, The (1995)",76,12,3,882606060
12,"Usual Suspects, The (1995)",72,12,5,880036664
12,"Usual Suspects, The (1995)",156,12,3,888185853
12,"Usual Suspects, The (1995)",343,12,5,876405735
12,"Usual Suspects, The (1995)",339,12,5,891032659
12,"Usual Suspects, The (1995)",130,12,4,875216340
12,"Usual Suspects, The (1995)",117,12,5,881011350
12,"Usual Suspects, The (1995)",18,12,5,880129991
12,"Usual Suspects, The (1995)",288,12,4,886374130
12,"Usual Suspects, The (1995)",119,12,3,874781915
12,"Usual Suspects, The (1995)",259,12,5,874809192
12,"Usual Suspects, The (1995)",42,12,4,881107502
12,"Usual Suspects, The (1995)",256,12,5,882164696
12,"Usual Suspects, The (1995)",293,12,4,888905665
12,"Usual Suspects, The (1995)",1,12,5,878542960
12,"Usual Suspects, The (1995)",318,12,4,884495795
12,"Usual Suspects, The (1995)",218,12,5,881288233
12,"Usual Suspects, The (1995)",234,12,1,892333830
12,"Usual Suspects, The (1995)",308,12,5,887737243
12,"Usual Suspects, The (1995)",251,12,4,886271700
12,"Usual Suspects, The (1995)",347,12,3,881653584
12,"Usual Suspects, The (1995)",393,12,5,887745883
12,"Usual Suspects, The (1995)",344,12,5,884901024
12,"Usual Suspects, The (1995)",214,12,5,892668153
12,"Usual Suspects, The (1995)",398,12,3,875658898
12,"Usual Suspects, The (1995)",194,12,5,879520916
12,"Usual Suspects, The (1995)",222,12,5,878181387
12,"Usual Suspects, The (1995)",99,12,5,885680458
12,"Usual Suspects, The (1995)",361,12,4,879441214
12,"Usual Suspects, The (1995)",370,12,4,879435369
12,"Usual Suspects, The (1995)",322,12,4,887313946
12,"Usual Suspects, The (1995)",315,12,5,879821194
12,"Usual Suspects, The (1995)",115,12,5,881171982
12,"Usual Suspects, The (1995)",94,12,4,886008625
12,"Usual Suspects, The (1995)",264,12,5,886122508
12,"Usual Suspects, The (1995)",406,12,4,879445897
12,"Usual Suspects, The (1995)",417,12,4,879647275
12,"Usual Suspects, The (1995)",64,12,5,889738085
12,"Usual Suspects, The (1995)",135,12,4,879857764
13,"Mighty Aphrodite (1995)",207,13,3,875506839
13,"Mighty Aphrodite (1995)",17,13,3,885272654
13,"Mighty Aphrodite (1995)",151,13,3,879542688
13,"Mighty Aphrodite (1995)",213,13,4,878955139
13,"Mighty Aphrodite (1995)",85,13,3,879452866
13,"Mighty Aphrodite (1995)",269,13,4,891446662
13,"Mighty Aphrodite (1995)",315,13,4,879821158
13,"Mighty Aphrodite (1995)",145,13,5,875270507
13,"Mighty Aphrodite (1995)",123,13,3,879873988
13,"Mighty Aphrodite (1995)",150,13,4,878746889
13,"Mighty Aphrodite (1995)",108,13,3,879879834
13,"Mighty Aphrodite (1995)",59,13,5,888203415
13,"Mighty Aphrodite (1995)",82,13,2,878768615
13,"Mighty Aphrodite (1995)",286,13,2,876521933
13,"Mighty Aphrodite (1995)",271,13,4,885847714
13,"Mighty Aphrodite (1995)",244,13,4,880604379
13,"Mighty Aphrodite (1995)",279,13,3,875249210
13,"Mighty Aphrodite (1995)",219,13,1,889452455
13,"Mighty Aphrodite (1995)",243,13,4,879987362
13,"Mighty Aphrodite (1995)",249,13,4,879640396
13,"Mighty Aphrodite (1995)",14,13,4,880929778
13,"Mighty Aphrodite (1995)",336,13,3,877756890
13,"Mighty Aphrodite (1995)",184,13,3,889907839
13,"Mighty Aphrodite (1995)",2,13,4,888551922
13,"Mighty Aphrodite (1995)",188,13,4,875073408
13,"Mighty Aphrodite (1995)",63,13,4,875747439
13,"Mighty Aphrodite (1995)",288,13,5,886892241
13,"Mighty Aphrodite (1995)",270,13,4,876954192
13,"Mighty Aphrodite (1995)",176,13,4,886047994
13,"Mighty Aphrodite (1995)",306,13,4,876504442
13,"Mighty Aphrodite (1995)",25,13,4,885852381
13,"Mighty Aphrodite (1995)",365,13,3,891303950
13,"Mighty Aphrodite (1995)",23,13,4,874784497
13,"Mighty Aphrodite (1995)",381,13,4,892696445
13,"Mighty Aphrodite (1995)",214,13,3,891543271
13,"Mighty Aphrodite (1995)",60,13,4,883327539
13,"Mighty Aphrodite (1995)",79,13,3,891271676
13,"Mighty Aphrodite (1995)",299,13,4,877877965
13,"Mighty Aphrodite (1995)",10,13,3,877892050
13,"Mighty Aphrodite (1995)",18,13,5,880131497
13,"Mighty Aphrodite (1995)",360,13,3,880354315
13,"Mighty Aphrodite (1995)",174,13,3,891551777
13,"Mighty Aphrodite (1995)",345,13,4,884991220
14,"Postino, Il (1994)",43,14,2,883955745
14,"Postino, Il (1994)",299,14,4,877877775
14,"Postino, Il (1994)",6,14,5,883599249
14,"Postino, Il (1994)",181,14,1,878962392
14,"Postino, Il (1994)",121,14,5,891390014
14,"Postino, Il (1994)",306,14,5,876503995
14,"Postino, Il (1994)",82,14,4,876311280
14,"Postino, Il (1994)",13,14,4,884538727
14,"Postino, Il (1994)",207,14,4,875504876
14,"Postino, Il (1994)",195,14,4,890985390
14,"Postino, Il (1994)",305,14,4,886322893
14,"Postino, Il (1994)",184,14,4,889907738
14,"Postino, Il (1994)",136,14,5,882693338
14,"Postino, Il (1994)",161,14,4,891171413
14,"Postino, Il (1994)",234,14,3,891227730
14,"Postino, Il (1994)",327,14,4,887744167
14,"Postino, Il (1994)",59,14,5,888203234
14,"Postino, Il (1994)",18,14,5,880130431
14,"Postino, Il (1994)",14,14,3,879119311
14,"Postino, Il (1994)",95,14,5,879197329
14,"Postino, Il (1994)",226,14,5,883889691
14,"Postino, Il (1994)",1,14,5,874965706
14,"Postino, Il (1994)",131,14,5,883681313
14,"Postino, Il (1994)",360,14,5,880354149
14,"Postino, Il (1994)",310,14,5,879436268
14,"Postino, Il (1994)",296,14,4,884196665
14,"Postino, Il (1994)",90,14,5,891383987
14,"Postino, Il (1994)",128,14,5,879967341
14,"Postino, Il (1994)",174,14,5,886433771
14,"Postino, Il (1994)",361,14,4,879440651
14,"Postino, Il (1994)",276,14,4,890979947
14,"Postino, Il (1994)",406,14,4,879539855
14,"Postino, Il (1994)",376,14,4,879454914
14,"Postino, Il (1994)",383,14,5,891192836
14,"Postino, Il (1994)",316,14,4,880853881
14,"Postino, Il (1994)",232,14,4,880062574
14,"Postino, Il (1994)",89,14,4,879441357
14,"Postino, Il (1994)",437,14,5,880140369
15,"Mr. Holland's Opus (1995)",243,15,3,879987440
15,"Mr. Holland's Opus (1995)",145,15,2,875270655
15,"Mr. Holland's Opus (1995)",128,15,4,879968827
15,"Mr. Holland's Opus (1995)",291,15,5,874833668
15,"Mr. Holland's Opus (1995)",44,15,4,878341343
15,"Mr. Holland's Opus (1995)",117,15,5,880125887
15,"Mr. Holland's Opus (1995)",92,15,3,875640189
15,"Mr. Holland's Opus (1995)",151,15,4,879524879
15,"Mr. Holland's Opus (1995)",93,15,5,888705388
15,"Mr. Holland's Opus (1995)",305,15,1,886322796
15,"Mr. Holland's Opus (1995)",26,15,4,891386369
15,"Mr. Holland's Opus (1995)",82,15,3,876311365
15,"Mr. Holland's Opus (1995)",43,15,5,875975546
15,"Mr. Holland's Opus (1995)",95,15,4,879195062
15,"Mr. Holland's Opus (1995)",262,15,3,879962366
15,"Mr. Holland's Opus (1995)",74,15,4,888333542
15,"Mr. Holland's Opus (1995)",269,15,2,891446348
15,"Mr. Holland's Opus (1995)",106,15,3,883876518
15,"Mr. Holland's Opus (1995)",184,15,3,889907812
15,"Mr. Holland's Opus (1995)",198,15,3,884205185
15,"Mr. Holland's Opus (1995)",365,15,3,891304152
15,"Mr. Holland's Opus (1995)",12,15,5,879959670
15,"Mr. Holland's Opus (1995)",236,15,5,890116628
15,"Mr. Holland's Opus (1995)",6,15,3,883599302
15,"Mr. Holland's Opus (1995)",296,15,3,884196712
15,"Mr. Holland's Opus (1995)",288,15,4,886892177
15,"Mr. Holland's Opus (1995)",200,15,4,884127745
15,"Mr. Holland's Opus (1995)",254,15,3,886471307
15,"Mr. Holland's Opus (1995)",271,15,3,885847876
15,"Mr. Holland's Opus (1995)",265,15,3,875320574
15,"Mr. Holland's Opus (1995)",45,15,4,881012184
15,"Mr. Holland's Opus (1995)",303,15,3,879467607
15,"Mr. Holland's Opus (1995)",393,15,3,887744266
15,"Mr. Holland's Opus (1995)",52,15,5,882922204
15,"Mr. Holland's Opus (1995)",277,15,4,879544145
15,"Mr. Holland's Opus (1995)",189,15,2,893264335
15,"Mr. Holland's Opus (1995)",216,15,3,881428365
15,"Mr. Holland's Opus (1995)",66,15,3,883601456
15,"Mr. Holland's Opus (1995)",251,15,4,886272086
15,"Mr. Holland's Opus (1995)",311,15,5,884963136
15,"Mr. Holland's Opus (1995)",323,15,3,878739393
15,"Mr. Holland's Opus (1995)",137,15,4,881432965
15,"Mr. Holland's Opus (1995)",373,15,4,877098568
15,"Mr. Holland's Opus (1995)",14,15,4,879119390
15,"Mr. Holland's Opus (1995)",391,15,4,877399805
15,"Mr. Holland's Opus (1995)",398,15,5,875651828
15,"Mr. Holland's Opus (1995)",178,15,5,882823858
15,"Mr. Holland's Opus (1995)",222,15,3,877563437
15,"Mr. Holland's Opus (1995)",318,15,5,884470944
15,"Mr. Holland's Opus (1995)",348,15,4,886523330
15,"Mr. Holland's Opus (1995)",168,15,5,884287362
15,"Mr. Holland's Opus (1995)",345,15,4,884991220
15,"Mr. Holland's Opus (1995)",234,15,3,892079538
15,"Mr. Holland's Opus (1995)",185,15,3,883525255
16,"French Twist (Gazon maudit) (1995)",10,16,4,877888877
16,"French Twist (Gazon maudit) (1995)",181,16,1,878962996
16,"French Twist (Gazon maudit) (1995)",268,16,3,875306691
16,"French Twist (Gazon maudit) (1995)",293,16,2,888907499
16,"French Twist (Gazon maudit) (1995)",402,16,3,876267096
16,"French Twist (Gazon maudit) (1995)",189,16,3,893264335
17,"From Dusk Till Dawn (1996)",5,17,4,875636198
17,"From Dusk Till Dawn (1996)",244,17,2,880607205
17,"From Dusk Till Dawn (1996)",267,17,4,878971773
17,"From Dusk Till Dawn (1996)",1,17,3,875073198
17,"From Dusk Till Dawn (1996)",49,17,2,888068651
17,"From Dusk Till Dawn (1996)",315,17,1,879821003
17,"From Dusk Till Dawn (1996)",291,17,4,874834850
17,"From Dusk Till Dawn (1996)",221,17,4,875245406
17,"From Dusk Till Dawn (1996)",246,17,2,884922658
17,"From Dusk Till Dawn (1996)",346,17,1,874950839
17,"From Dusk Till Dawn (1996)",270,17,2,876956064
17,"From Dusk Till Dawn (1996)",268,17,3,875743588
17,"From Dusk Till Dawn (1996)",367,17,5,876689991
17,"From Dusk Till Dawn (1996)",299,17,1,889503374
17,"From Dusk Till Dawn (1996)",43,17,3,883956417
17,"From Dusk Till Dawn (1996)",64,17,3,889739733
17,"From Dusk Till Dawn (1996)",368,17,5,889783562
17,"From Dusk Till Dawn (1996)",90,17,4,891384721
17,"From Dusk Till Dawn (1996)",118,17,3,875385257
18,"White Balloon, The (1995)",15,18,1,879455681
18,"White Balloon, The (1995)",59,18,4,888203313
19,"Antonia's Line (1995)",6,19,4,883602965
19,"Antonia's Line (1995)",316,19,5,880854539
19,"Antonia's Line (1995)",136,19,4,882693529
19,"Antonia's Line (1995)",131,19,4,883681418
19,"Antonia's Line (1995)",144,19,4,888103929
19,"Antonia's Line (1995)",227,19,4,879035431
19,"Antonia's Line (1995)",18,19,3,880130582
19,"Antonia's Line (1995)",420,19,3,891356927
19,"Antonia's Line (1995)",383,19,4,891192911
20,"Angels and Insects (1995)",115,20,3,881171009
20,"Angels and Insects (1995)",296,20,5,884196921
20,"Angels and Insects (1995)",1,20,4,887431883
20,"Angels and Insects (1995)",189,20,5,893264466
20,"Angels and Insects (1995)",224,20,1,888104487
20,"Angels and Insects (1995)",234,20,4,891227979
20,"Angels and Insects (1995)",63,20,3,875748004
20,"Angels and Insects (1995)",297,20,4,874954763
20,"Angels and Insects (1995)",181,20,1,878962919
20,"Angels and Insects (1995)",15,20,3,879455541
20,"Angels and Insects (1995)",343,20,5,876408138
20,"Angels and Insects (1995)",244,20,4,880604758
20,"Angels and Insects (1995)",286,20,4,876521858
20,"Angels and Insects (1995)",58,20,1,884304538
20,"Angels and Insects (1995)",201,20,2,884140275
20,"Angels and Insects (1995)",373,20,2,877098751
20,"Angels and Insects (1995)",62,20,4,879372696
21,"Muppet Treasure Island (1996)",62,21,3,879373460
21,"Muppet Treasure Island (1996)",268,21,3,875742822
21,"Muppet Treasure Island (1996)",307,21,4,876433101
21,"Muppet Treasure Island (1996)",290,21,3,880475695
21,"Muppet Treasure Island (1996)",160,21,1,876769480
21,"Muppet Treasure Island (1996)",181,21,1,878963381
21,"Muppet Treasure Island (1996)",189,21,2,893264619
21,"Muppet Treasure Island (1996)",13,21,3,882399040
21,"Muppet Treasure Island (1996)",108,21,3,879880141
21,"Muppet Treasure Island (1996)",60,21,3,883327923
21,"Muppet Treasure Island (1996)",174,21,1,886515209
21,"Muppet Treasure Island (1996)",234,21,3,892335042
21,"Muppet Treasure Island (1996)",66,21,1,883601939
21,"Muppet Treasure Island (1996)",45,21,3,881014193
22,"Braveheart (1995)",269,22,1,891448072
22,"Braveheart (1995)",8,22,5,879362183
22,"Braveheart (1995)",90,22,4,891384357
22,"Braveheart (1995)",222,22,5,878183285
22,"Braveheart (1995)",313,22,3,891014870
22,"Braveheart (1995)",145,22,5,875273021
22,"Braveheart (1995)",326,22,4,879874989
22,"Braveheart (1995)",217,22,5,889069741
22,"Braveheart (1995)",271,22,5,885848518
22,"Braveheart (1995)",7,22,5,891351121
22,"Braveheart (1995)",224,22,5,888103581
22,"Braveheart (1995)",14,22,3,890881521
22,"Braveheart (1995)",215,22,3,891435161
22,"Braveheart (1995)",311,22,4,884364538
22,"Braveheart (1995)",297,22,4,875238984
22,"Braveheart (1995)",249,22,5,879572926
22,"Braveheart (1995)",307,22,3,879205470
22,"Braveheart (1995)",125,22,5,892836395
22,"Braveheart (1995)",123,22,4,879809943
22,"Braveheart (1995)",10,22,5,877888812
22,"Braveheart (1995)",16,22,5,877721071
22,"Braveheart (1995)",347,22,5,881654005
22,"Braveheart (1995)",110,22,4,886987826
22,"Braveheart (1995)",235,22,4,889655044
22,"Braveheart (1995)",276,22,5,874787496
22,"Braveheart (1995)",83,22,5,880307724
22,"Braveheart (1995)",144,22,5,888105439
22,"Braveheart (1995)",232,22,3,888549988
22,"Braveheart (1995)",323,22,5,878739743
22,"Braveheart (1995)",130,22,5,875217265
22,"Braveheart (1995)",244,22,4,880605665
22,"Braveheart (1995)",153,22,2,881371140
22,"Braveheart (1995)",178,22,5,882826187
22,"Braveheart (1995)",262,22,4,879792452
22,"Braveheart (1995)",272,22,5,879454753
22,"Braveheart (1995)",278,22,5,891295360
22,"Braveheart (1995)",267,22,4,878971816
22,"Braveheart (1995)",328,22,5,885045805
22,"Braveheart (1995)",296,22,4,884197068
22,"Braveheart (1995)",37,22,5,880915810
22,"Braveheart (1995)",223,22,5,891550649
22,"Braveheart (1995)",214,22,3,891544200
22,"Braveheart (1995)",184,22,3,889908985
22,"Braveheart (1995)",290,22,5,880473942
22,"Braveheart (1995)",106,22,4,881449830
22,"Braveheart (1995)",380,22,4,885478334
22,"Braveheart (1995)",332,22,5,887938934
22,"Braveheart (1995)",334,22,4,891545821
22,"Braveheart (1995)",118,22,5,875385136
22,"Braveheart (1995)",399,22,3,882342834
22,"Braveheart (1995)",177,22,4,880130847
22,"Braveheart (1995)",316,22,4,880853849
22,"Braveheart (1995)",156,22,3,888186093
22,"Braveheart (1995)",11,22,4,891904241
22,"Braveheart (1995)",152,22,5,882828490
22,"Braveheart (1995)",370,22,4,879434832
22,"Braveheart (1995)",409,22,2,881108077
22,"Braveheart (1995)",38,22,5,892429347
23,"Taxi Driver (1976)",135,23,4,879857765
23,"Taxi Driver (1976)",59,23,5,888205300
23,"Taxi Driver (1976)",185,23,4,883524249
23,"Taxi Driver (1976)",194,23,4,879522819
23,"Taxi Driver (1976)",6,23,4,883601365
23,"Taxi Driver (1976)",249,23,4,879572432
23,"Taxi Driver (1976)",201,23,4,884111830
23,"Taxi Driver (1976)",77,23,4,884753173
23,"Taxi Driver (1976)",237,23,4,879376606
23,"Taxi Driver (1976)",198,23,4,884208491
23,"Taxi Driver (1976)",293,23,4,888905865
23,"Taxi Driver (1976)",118,23,5,875384979
23,"Taxi Driver (1976)",339,23,5,891033481
23,"Taxi Driver (1976)",392,23,5,891038466
23,"Taxi Driver (1976)",250,23,4,878090499
23,"Taxi Driver (1976)",214,23,5,892668130
23,"Taxi Driver (1976)",76,23,5,875027355
23,"Taxi Driver (1976)",14,23,5,890881216
23,"Taxi Driver (1976)",1,23,4,875072895
23,"Taxi Driver (1976)",96,23,5,884403123
23,"Taxi Driver (1976)",160,23,5,876859778
24,"Rumble in the Bronx (1995)",94,24,4,885873423
24,"Rumble in the Bronx (1995)",158,24,4,880134261
24,"Rumble in the Bronx (1995)",103,24,4,880415847
24,"Rumble in the Bronx (1995)",200,24,2,884127370
24,"Rumble in the Bronx (1995)",92,24,3,875640448
24,"Rumble in the Bronx (1995)",53,24,3,879442538
24,"Rumble in the Bronx (1995)",62,24,4,879372633
24,"Rumble in the Bronx (1995)",310,24,4,879436242
24,"Rumble in the Bronx (1995)",5,24,4,879198229
24,"Rumble in the Bronx (1995)",198,24,2,884205385
24,"Rumble in the Bronx (1995)",299,24,3,877877732
24,"Rumble in the Bronx (1995)",277,24,4,879543931
24,"Rumble in the Bronx (1995)",294,24,4,877819761
24,"Rumble in the Bronx (1995)",95,24,3,879192542
24,"Rumble in the Bronx (1995)",283,24,4,879297867
24,"Rumble in the Bronx (1995)",279,24,5,875295591
24,"Rumble in the Bronx (1995)",37,24,4,880915674
24,"Rumble in the Bronx (1995)",371,24,4,877487500
24,"Rumble in the Bronx (1995)",289,24,4,876790292
24,"Rumble in the Bronx (1995)",267,24,5,878972682
24,"Rumble in the Bronx (1995)",303,24,3,879468047
24,"Rumble in the Bronx (1995)",119,24,4,886177076
24,"Rumble in the Bronx (1995)",203,24,4,880434359
24,"Rumble in the Bronx (1995)",101,24,4,877136391
24,"Rumble in the Bronx (1995)",249,24,4,879640306
24,"Rumble in the Bronx (1995)",160,24,5,876769689
24,"Rumble in the Bronx (1995)",226,24,4,883889479
24,"Rumble in the Bronx (1995)",314,24,1,877886221
24,"Rumble in the Bronx (1995)",296,24,2,884196605
24,"Rumble in the Bronx (1995)",297,24,4,874954260
24,"Rumble in the Bronx (1995)",307,24,4,876176161
24,"Rumble in the Bronx (1995)",1,24,3,875071713
24,"Rumble in the Bronx (1995)",359,24,3,886453354
24,"Rumble in the Bronx (1995)",13,24,1,882397741
25,"Birdcage, The (1996)",162,25,4,877635573
25,"Birdcage, The (1996)",45,25,4,881014015
25,"Birdcage, The (1996)",157,25,3,886890787
25,"Birdcage, The (1996)",90,25,5,891384789
25,"Birdcage, The (1996)",15,25,3,879456204
25,"Birdcage, The (1996)",270,25,5,876954456
25,"Birdcage, The (1996)",85,25,2,879452769
25,"Birdcage, The (1996)",297,25,4,874954497
25,"Birdcage, The (1996)",207,25,4,876079113
25,"Birdcage, The (1996)",25,25,5,885853415
25,"Birdcage, The (1996)",256,25,5,882150552
25,"Birdcage, The (1996)",26,25,3,891373727
25,"Birdcage, The (1996)",222,25,3,877563437
25,"Birdcage, The (1996)",151,25,4,879528496
25,"Birdcage, The (1996)",274,25,5,878945541
25,"Birdcage, The (1996)",152,25,3,880149045
25,"Birdcage, The (1996)",301,25,3,882075110
25,"Birdcage, The (1996)",145,25,2,875270655
25,"Birdcage, The (1996)",213,25,4,878870750
25,"Birdcage, The (1996)",120,25,5,889490370
25,"Birdcage, The (1996)",18,25,3,880131591
25,"Birdcage, The (1996)",13,25,1,882141686
25,"Birdcage, The (1996)",42,25,3,881110670
25,"Birdcage, The (1996)",342,25,2,875318328
25,"Birdcage, The (1996)",59,25,4,888203270
25,"Birdcage, The (1996)",200,25,4,876042234
25,"Birdcage, The (1996)",295,25,5,879518042
25,"Birdcage, The (1996)",24,25,4,875246258
25,"Birdcage, The (1996)",82,25,2,878768435
25,"Birdcage, The (1996)",344,25,4,884814480
25,"Birdcage, The (1996)",271,25,3,885847876
25,"Birdcage, The (1996)",343,25,2,876402814
25,"Birdcage, The (1996)",264,25,4,886124197
25,"Birdcage, The (1996)",373,25,4,877100016
25,"Birdcage, The (1996)",327,25,2,887746728
25,"Birdcage, The (1996)",125,25,1,879454987
25,"Birdcage, The (1996)",104,25,3,888465634
25,"Birdcage, The (1996)",168,25,5,884287885
25,"Birdcage, The (1996)",210,25,4,887730407
25,"Birdcage, The (1996)",178,25,3,888514710
25,"Birdcage, The (1996)",223,25,1,891549382
25,"Birdcage, The (1996)",196,25,4,881251955
25,"Birdcage, The (1996)",382,25,2,875945880
25,"Birdcage, The (1996)",308,25,4,887740649
25,"Birdcage, The (1996)",87,25,4,879876811
25,"Birdcage, The (1996)",181,25,5,878962675
25,"Birdcage, The (1996)",339,25,4,891035116
25,"Birdcage, The (1996)",286,25,3,875807003
25,"Birdcage, The (1996)",365,25,4,891303950
25,"Birdcage, The (1996)",279,25,5,875295736
25,"Birdcage, The (1996)",194,25,2,879540807
25,"Birdcage, The (1996)",201,25,3,884114015
25,"Birdcage, The (1996)",277,25,4,879543902
25,"Birdcage, The (1996)",424,25,4,880859723
25,"Birdcage, The (1996)",345,25,3,884991384
25,"Birdcage, The (1996)",56,25,4,892911166
25,"Birdcage, The (1996)",393,25,2,887744294
26,"Brothers McMullen, The (1995)",138,26,5,879024232
26,"Brothers McMullen, The (1995)",224,26,3,888104153
26,"Brothers McMullen, The (1995)",18,26,4,880129731
26,"Brothers McMullen, The (1995)",222,26,3,878183043
26,"Brothers McMullen, The (1995)",43,26,5,883954901
26,"Brothers McMullen, The (1995)",201,26,4,884111927
26,"Brothers McMullen, The (1995)",299,26,4,878192601
26,"Brothers McMullen, The (1995)",95,26,3,880571951
26,"Brothers McMullen, The (1995)",89,26,3,879459909
26,"Brothers McMullen, The (1995)",361,26,3,879440941
26,"Brothers McMullen, The (1995)",194,26,3,879522240
26,"Brothers McMullen, The (1995)",391,26,5,877399745
26,"Brothers McMullen, The (1995)",345,26,3,884993555
26,"Brothers McMullen, The (1995)",303,26,4,879468307
26,"Brothers McMullen, The (1995)",401,26,3,891033395
27,"Bad Boys (1995)",217,27,1,889070011
27,"Bad Boys (1995)",1,27,2,876892946
27,"Bad Boys (1995)",293,27,3,888907753
27,"Bad Boys (1995)",16,27,2,877726390
27,"Bad Boys (1995)",201,27,3,884140891
27,"Bad Boys (1995)",13,27,3,882397833
28,"Apollo 13 (1995)",262,28,3,879792220
28,"Apollo 13 (1995)",314,28,5,877888346
28,"Apollo 13 (1995)",72,28,4,880036824
28,"Apollo 13 (1995)",312,28,4,891698300
28,"Apollo 13 (1995)",91,28,4,891439243
28,"Apollo 13 (1995)",57,28,4,883698324
28,"Apollo 13 (1995)",7,28,5,891352341
28,"Apollo 13 (1995)",41,28,4,890687353
28,"Apollo 13 (1995)",311,28,5,884365140
28,"Apollo 13 (1995)",62,28,3,879375169
28,"Apollo 13 (1995)",292,28,4,881105734
28,"Apollo 13 (1995)",187,28,4,879465597
28,"Apollo 13 (1995)",60,28,5,883326155
28,"Apollo 13 (1995)",267,28,4,878972524
28,"Apollo 13 (1995)",97,28,5,884238778
28,"Apollo 13 (1995)",23,28,3,874786793
28,"Apollo 13 (1995)",237,28,4,879376435
28,"Apollo 13 (1995)",142,28,4,888640404
28,"Apollo 13 (1995)",207,28,4,877822162
28,"Apollo 13 (1995)",73,28,3,888626468
28,"Apollo 13 (1995)",94,28,4,885873159
28,"Apollo 13 (1995)",6,28,2,883603013
28,"Apollo 13 (1995)",83,28,4,880308284
28,"Apollo 13 (1995)",243,28,4,879988215
28,"Apollo 13 (1995)",42,28,5,881108187
28,"Apollo 13 (1995)",125,28,4,879454385
28,"Apollo 13 (1995)",291,28,4,875086920
28,"Apollo 13 (1995)",339,28,4,891032542
28,"Apollo 13 (1995)",174,28,5,886434547
28,"Apollo 13 (1995)",389,28,4,880165411
28,"Apollo 13 (1995)",308,28,3,887737036
28,"Apollo 13 (1995)",30,28,4,885941321
28,"Apollo 13 (1995)",360,28,4,880355678
28,"Apollo 13 (1995)",180,28,3,877355568
28,"Apollo 13 (1995)",185,28,5,883524428
28,"Apollo 13 (1995)",12,28,5,879958969
28,"Apollo 13 (1995)",110,28,4,886987979
28,"Apollo 13 (1995)",373,28,3,877103935
28,"Apollo 13 (1995)",275,28,4,880314529
28,"Apollo 13 (1995)",226,28,4,883889322
28,"Apollo 13 (1995)",130,28,4,875217172
28,"Apollo 13 (1995)",298,28,4,884182725
28,"Apollo 13 (1995)",216,28,4,880244902
28,"Apollo 13 (1995)",178,28,5,882826806
28,"Apollo 13 (1995)",48,28,2,879434653
28,"Apollo 13 (1995)",412,28,4,879716962
28,"Apollo 13 (1995)",16,28,5,877727122
28,"Apollo 13 (1995)",287,28,5,875335018
28,"Apollo 13 (1995)",374,28,5,880395698
28,"Apollo 13 (1995)",38,28,4,892429399
29,"Batman Forever (1995)",224,29,3,888104457
29,"Batman Forever (1995)",222,29,3,878184571
29,"Batman Forever (1995)",256,29,4,882164644
29,"Batman Forever (1995)",56,29,3,892910913
29,"Batman Forever (1995)",13,29,2,882397833
29,"Batman Forever (1995)",22,29,1,878888228
29,"Batman Forever (1995)",314,29,5,877889234
29,"Batman Forever (1995)",200,29,4,884130540
29,"Batman Forever (1995)",174,29,2,886514469
29,"Batman Forever (1995)",286,29,2,877533586
29,"Batman Forever (1995)",246,29,1,884922740
29,"Batman Forever (1995)",378,29,3,880332949
29,"Batman Forever (1995)",193,29,3,889126055
29,"Batman Forever (1995)",374,29,3,880939127
29,"Batman Forever (1995)",313,29,2,891028472
30,"Belle de jour (1967)",189,30,4,893266205
30,"Belle de jour (1967)",339,30,3,891032765
30,"Belle de jour (1967)",90,30,5,891385843
30,"Belle de jour (1967)",194,30,3,879524504
30,"Belle de jour (1967)",321,30,4,879439658
30,"Belle de jour (1967)",405,30,1,885549544
31,"Crimson Tide (1995)",109,31,4,880577844
31,"Crimson Tide (1995)",144,31,3,888105823
31,"Crimson Tide (1995)",90,31,4,891384673
31,"Crimson Tide (1995)",244,31,4,880603484
31,"Crimson Tide (1995)",313,31,4,891015486
31,"Crimson Tide (1995)",1,31,3,875072144
31,"Crimson Tide (1995)",175,31,4,877108051
31,"Crimson Tide (1995)",41,31,3,890687473
31,"Crimson Tide (1995)",297,31,3,881708087
31,"Crimson Tide (1995)",303,31,3,879467361
31,"Crimson Tide (1995)",56,31,4,892679259
31,"Crimson Tide (1995)",268,31,4,875310311
31,"Crimson Tide (1995)",94,31,4,891721286
31,"Crimson Tide (1995)",84,31,4,883453755
31,"Crimson Tide (1995)",328,31,4,886036884
31,"Crimson Tide (1995)",293,31,2,888906244
31,"Crimson Tide (1995)",92,31,4,875654321
31,"Crimson Tide (1995)",301,31,3,882076463
31,"Crimson Tide (1995)",387,31,3,886483330
31,"Crimson Tide (1995)",346,31,4,874950383
31,"Crimson Tide (1995)",186,31,4,879023529
31,"Crimson Tide (1995)",393,31,4,887745912
31,"Crimson Tide (1995)",16,31,5,877717956
31,"Crimson Tide (1995)",189,31,3,893266027
31,"Crimson Tide (1995)",373,31,3,877100199
31,"Crimson Tide (1995)",233,31,3,880610814
31,"Crimson Tide (1995)",398,31,3,875658967
31,"Crimson Tide (1995)",442,31,3,883391249
32,"Crumb (1994)",7,32,4,891350932
32,"Crumb (1994)",322,32,5,887314417
32,"Crumb (1994)",296,32,4,884197131
32,"Crumb (1994)",201,32,3,884140049
32,"Crumb (1994)",221,32,4,875245223
32,"Crumb (1994)",299,32,3,877881169
32,"Crumb (1994)",95,32,1,888954726
32,"Crumb (1994)",23,32,3,874785809
32,"Crumb (1994)",339,32,5,891032255
32,"Crumb (1994)",6,32,4,883601311
32,"Crumb (1994)",327,32,4,887747266
32,"Crumb (1994)",92,32,3,875653363
32,"Crumb (1994)",387,32,5,886479737
32,"Crumb (1994)",234,32,3,892078936
32,"Crumb (1994)",160,32,5,876859413
32,"Crumb (1994)",115,32,5,881171348
32,"Crumb (1994)",144,32,4,888105287
32,"Crumb (1994)",342,32,5,874984207
32,"Crumb (1994)",214,32,4,892668249
32,"Crumb (1994)",416,32,2,888702297
32,"Crumb (1994)",118,32,5,875384979
33,"Desperado (1995)",1,33,4,878542699
33,"Desperado (1995)",301,33,4,882078228
33,"Desperado (1995)",264,33,3,886122644
33,"Desperado (1995)",94,33,3,891721919
33,"Desperado (1995)",95,33,3,880571704
33,"Desperado (1995)",218,33,4,881288386
33,"Desperado (1995)",346,33,5,875261753
33,"Desperado (1995)",200,33,4,884129602
33,"Desperado (1995)",62,33,1,879374785
33,"Desperado (1995)",144,33,5,888105902
33,"Desperado (1995)",197,33,2,891409981
33,"Desperado (1995)",135,33,3,879857930
33,"Desperado (1995)",193,33,3,889125912
33,"Desperado (1995)",293,33,2,888907433
33,"Desperado (1995)",130,33,5,876252087
33,"Desperado (1995)",399,33,3,882344942
33,"Desperado (1995)",87,33,3,879876488
33,"Desperado (1995)",345,33,4,884993069
33,"Desperado (1995)",320,33,4,884749385
34,"Doom Generation, The (1995)",286,34,5,877534701
34,"Doom Generation, The (1995)",276,34,2,877934264
34,"Doom Generation, The (1995)",94,34,1,891723558
34,"Doom Generation, The (1995)",184,34,2,889913568
35,"Free Willy 2: The Adventure Home (1995)",254,35,2,886475755
36,"Mad Love (1995)",184,36,3,889910195
36,"Mad Love (1995)",293,36,1,888908041
36,"Mad Love (1995)",201,36,1,884140927
36,"Mad Love (1995)",1,36,2,875073180
37,"Nadja (1994)",201,37,2,884114635
38,"Net, The (1995)",110,38,3,886988574
38,"Net, The (1995)",11,38,3,891905936
38,"Net, The (1995)",276,38,3,874792574
38,"Net, The (1995)",49,38,1,888068289
38,"Net, The (1995)",280,38,3,891701832
38,"Net, The (1995)",158,38,4,880134607
38,"Net, The (1995)",311,38,3,884365954
38,"Net, The (1995)",200,38,3,884130348
38,"Net, The (1995)",188,38,3,875073828
38,"Net, The (1995)",330,38,4,876546948
38,"Net, The (1995)",64,38,3,889740415
38,"Net, The (1995)",94,38,2,891722482
38,"Net, The (1995)",389,38,2,880089076
38,"Net, The (1995)",56,38,2,892683533
38,"Net, The (1995)",145,38,3,888398747
38,"Net, The (1995)",343,38,3,876406257
38,"Net, The (1995)",303,38,1,879484981
38,"Net, The (1995)",217,38,3,889070266
39,"Strange Days (1995)",295,39,4,879518279
39,"Strange Days (1995)",135,39,3,879857931
39,"Strange Days (1995)",293,39,3,888906804
39,"Strange Days (1995)",221,39,4,875245798
39,"Strange Days (1995)",344,39,3,884901290
39,"Strange Days (1995)",287,39,5,875336652
39,"Strange Days (1995)",94,39,3,891721317
39,"Strange Days (1995)",87,39,3,879875995
39,"Strange Days (1995)",214,39,4,891544845
39,"Strange Days (1995)",249,39,4,879572284
39,"Strange Days (1995)",145,39,4,875271838
39,"Strange Days (1995)",130,39,4,875801496
39,"Strange Days (1995)",49,39,2,888068194
39,"Strange Days (1995)",1,39,4,875072173
39,"Strange Days (1995)",59,39,4,888205033
39,"Strange Days (1995)",425,39,4,878738335
39,"Strange Days (1995)",375,39,3,886622024
40,"To Wong Foo, Thanks for Everything! Julie Newmar (1995)",210,40,3,891035994
40,"To Wong Foo, Thanks for Everything! Julie Newmar (1995)",87,40,3,879876917
40,"To Wong Foo, Thanks for Everything! Julie Newmar (1995)",276,40,3,874791871
40,"To Wong Foo, Thanks for Everything! Julie Newmar (1995)",43,40,3,883956468
40,"To Wong Foo, Thanks for Everything! Julie Newmar (1995)",49,40,1,888069222
40,"To Wong Foo, Thanks for Everything! Julie Newmar (1995)",222,40,1,881060550
40,"To Wong Foo, Thanks for Everything! Julie Newmar (1995)",5,40,4,879198109
40,"To Wong Foo, Thanks for Everything! Julie Newmar (1995)",13,40,2,886302815
40,"To Wong Foo, Thanks for Everything! Julie Newmar (1995)",280,40,5,891701614
40,"To Wong Foo, Thanks for Everything! Julie Newmar (1995)",174,40,4,886514985
41,"Billy Madison (1995)",174,41,1,886515063
41,"Billy Madison (1995)",291,41,4,875086636
41,"Billy Madison (1995)",276,41,3,874792277
42,"Clerks (1994)",214,42,5,892668130
42,"Clerks (1994)",279,42,4,875308843
